4.854261,4.842414,-0.359339,6.79793018444104e+18,34.106041,-117.70507,0.0,0.0,0.0,0.0,0.0,0.0,
4.867267,4.852,-0.360176,6.797930188736607e+18,34.106041,-117.70507,0.0,0.0,0.0,0.0,0.0,0.0,
4.858503,4.846646,-0.359653,6.797930188737107e+18,34.106041,-117.70507,0.0,0.0,0.0,0.0,0.0,0.0,
4.873488,4.868387,-0.361013,6.797930188737206e+18,34.106041,-117.70507,0.0,0.0,0.0,0.0,0.0,0.0,
4.866407,4.844374,-0.359862,6.797930188737307e+18,34.106041,-117.70507,0.0,-0.5,-5.5,-0.09,-0.06,-0.44,
4.864421,4.840707,-0.359653,6.797930188737407e+18,34.106041,-117.70507,0.0,-0.5,-5.5,-0.04,0.01,-0.47,
4.88333,4.835833,-0.360176,6.797930188737506e+18,34.106041,-117.70507,0.0,-0.5,-5.5,0.05,-0.05,-0.49,
4.870633,4.840125,-0.359862,6.797930188737606e+18,34.106041,-117.70507,0.0,-0.5,-5.5,0.11,-0.06,-0.49,
4.883865,4.829614,-0.359967,6.797930188737707e+18,34.106041,-117.70507,0.0,-0.5,-5.5,0.03,-0.08,-0.46,
4.872322,4.838425,-0.359862,6.797930188737806e+18,34.106041,-117.70507,0.0,-0.5,-5.5,-0.05,-0.02,-0.5,
4.898173,4.815102,-0.359967,6.797930188737906e+18,34.106041,-117.70507,359.8125,-0.5625,-5.5625,-0.35,-0.02,-0.45,
4.919619,4.787463,-0.359757,6.797930188738007e+18,34.106041,-117.70507,359.6875,-0.625,-5.5625,-0.29,-0.17,-0.37,
4.936903,4.772511,-0.359862,6.797930193033074e+18,34.106041,-117.70507,359.625,-0.6875,-5.5,-0.22,0.0,-0.4,
5.041073,4.782127,-0.364154,6.797930193033173e+18,34.106041,-117.70507,358.75,-0.625,-5.75,0.55,0.05,-0.59,
5.042369,4.610775,-0.358083,6.797930193033274e+18,34.106041,-117.70507,357.8125,-0.5,-5.5625,-0.56,-0.47,-0.57,
5.049207,4.612176,-0.358397,6.797930193033375e+18,34.106041,-117.70507,357.625,-0.5,-5.4375,-0.82,-1.26,-0.08,
4.972927,4.705952,-0.358815,6.797930193033474e+18,34.106041,-117.70507,359.1875,-0.6875,-5.0625,-0.34,0.05,-0.05,
4.977663,4.703851,-0.35892,6.797930193033574e+18,34.106041,-117.70507,359.25,-0.6875,-5.3125,-0.41,-0.07,-0.77,
4.986115,4.618811,-0.356199,6.797930193033674e+18,34.106041,-117.70507,359.1875,-0.75,-5.4375,0.14,1.57,0.53,
5.007523,4.619191,-0.357036,6.797930193033774e+18,34.106041,-117.70507,359.0,-0.9375,-5.125,-0.39,0.66,-1.14,
4.968769,4.561021,-0.353477,6.797930193033874e+18,34.106041,-117.70507,359.0,-1.0,-4.875,-2.05,-1.13,1.43,
4.921261,4.568318,-0.351907,6.797930193033974e+18,34.106041,-117.70507,359.25,-0.625,-4.6875,1.17,-0.08,-0.43,
4.92654,4.550858,-0.351488,6.797930197329041e+18,34.106041,-117.70507,359.625,-0.625,-4.625,-0.18,-0.05,-1.47,
4.841264,4.589373,-0.349604,6.797930197329141e+18,34.106041,-117.70507,0.375,-1.375,-5.125,0.06,-0.74,-0.58,
4.935849,4.445818,-0.348139,6.797930197329241e+18,34.106041,-117.70507,0.1875,-1.25,-5.375,0.03,1.63,-0.72,
4.952273,4.41852,-0.347825,6.797930197329341e+18,34.106041,-117.70507,359.125,-0.75,-5.0625,-0.05,-1.27,-0.78,
4.863762,4.427235,-0.344685,6.797930197329441e+18,34.106041,-117.70507,0.0,-1.1875,-4.5,-0.31,-0.15,-2.46,
4.825891,4.403556,-0.342382,6.797930197329542e+18,34.106041,-117.70507,0.5625,-1.0,-4.3125,1.05,-0.65,-1.04,
4.771245,4.453931,-0.342068,6.797930197329641e+18,34.106041,-117.70507,1.4375,-1.375,-4.25,-0.21,0.03,-0.69,
4.732553,4.486318,-0.341754,6.797930197329741e+18,34.106041,-117.70507,1.9375,-1.4375,-4.3125,-0.38,-0.15,-0.52,
4.712507,4.437737,-0.339242,6.79793019732984e+18,34.106041,-117.70507,2.3125,-1.4375,-4.625,1.07,-0.36,-1.32,
4.828732,4.193116,-0.335159,6.797930201625008e+18,34.106041,-117.70507,2.25,-1.5625,-4.875,-0.61,1.06,-2.6,
4.872373,4.071047,-0.332752,6.797930201625107e+18,34.106041,-117.70507,0.375,-0.8125,-4.9375,2.78,2.16,-1.79,
4.948601,3.923619,-0.330973,6.797930201625209e+18,34.106041,-117.70507,359.5625,-1.4375,-4.8125,-3.2,-0.7,-2.27,
4.948211,3.875711,-0.329403,6.797930201625309e+18,34.106041,-117.70507,359.0,-0.6875,-5.4375,2.67,0.67,-2.71,
4.988835,3.777134,-0.327937,6.79793020162541e+18,34.106041,-117.70507,358.8125,-1.0625,-5.625,-3.26,0.32,2.47,
5.004995,3.661761,-0.325006,6.797930201625609e+18,34.106041,-117.70507,358.1875,-1.0625,-5.375,-0.08,0.3,-2.2,
4.984783,3.692586,-0.325111,6.797930201625709e+18,34.106041,-117.70507,358.4375,-0.4375,-4.6875,2.33,-0.51,-1.69,
4.988678,3.599272,-0.322389,6.797930201625809e+18,34.106041,-117.70507,358.4375,-0.125,-4.5,1.02,0.02,-0.88,
4.945652,3.59059,-0.320296,6.797930201625909e+18,34.106041,-117.70507,359.0625,-0.6875,-4.5625,-2.45,-1.51,1.36,
4.894859,3.619362,-0.31904,6.797930205920976e+18,34.106041,-117.70507,359.5625,-1.0,-4.8125,-0.67,-0.07,1.82,
4.856516,3.610714,-0.317156,6.797930205921075e+18,34.106041,-117.70507,0.8125,-1.25,-5.0,-1.86,2.7,3.19,
4.877753,3.514066,-0.315062,6.797930205921176e+18,34.106041,-117.70507,1.0,-0.9375,-4.875,-0.11,2.14,-2.29,
4.858674,3.461822,-0.312655,6.797930205921275e+18,34.106041,-117.70507,0.375,-0.1875,-4.8125,2.12,-3.47,1.61,
4.90875,3.340995,-0.31119,6.797930205921375e+18,34.106041,-117.70507,0.0,-0.0625,-5.4375,3.25,0.46,-1.31,
4.97861,3.257911,-0.311818,6.797930205921476e+18,34.106041,-117.70507,359.5,-0.4375,-5.3125,-1.2,0.34,-0.66,
4.969394,3.131818,-0.30784,6.797930205921576e+18,34.106041,-117.70507,358.5625,-0.1875,-4.9375,1.27,-1.1,-1.73,
5.044095,3.155574,-0.311818,6.797930205921675e+18,34.106041,-117.70507,358.875,-0.375,-4.875,0.43,-0.24,-0.78,
4.964553,3.022057,-0.304595,6.797930205921777e+18,34.106041,-117.70507,358.75,-0.1875,-5.0625,0.32,-0.06,-0.36,
4.987149,2.972937,-0.304281,6.797930205921876e+18,34.106041,-117.70507,358.5625,-0.1875,-5.25,1.37,-1.3,0.17,
4.971409,2.913211,-0.301978,6.797930210216943e+18,34.106041,-117.70507,358.625,-0.25,-5.5625,-0.81,-0.05,-0.49,
5.032732,2.797732,-0.301769,6.797930210217042e+18,34.106041,-117.70507,357.875,0.0625,-5.5,1.24,0.59,-0.27,
5.018819,2.756838,-0.300094,6.797930210217143e+18,34.106041,-117.70507,357.6875,-0.3125,-5.0625,-0.47,-2.17,0.05,
5.00225,2.720523,-0.29842,6.797930210217243e+18,34.106041,-117.70507,357.9375,-0.8125,-5.125,-3.02,-1.16,-1.28,
5.036366,2.639668,-0.298001,6.797930210217344e+18,34.106041,-117.70507,357.8125,-0.375,-5.5,1.65,1.46,-2.75,
5.024996,2.579172,-0.296012,6.797930210217443e+18,34.106041,-117.70507,357.9375,-1.0,-5.3125,-1.61,-0.21,-0.22,
5.027159,2.513026,-0.294547,6.797930210217543e+18,34.106041,-117.70507,357.6875,-0.6875,-5.125,-0.98,0.11,1.71,
5.15889,2.539607,-0.30135,6.797930210217643e+18,34.106041,-117.70507,357.8125,-0.4375,-5.0625,0.41,-1.53,-2.63,
5.045677,2.420732,-0.293291,6.797930210217743e+18,34.106041,-117.70507,357.875,-0.5,-5.25,-1.42,-0.56,3.73,
5.0153,2.433136,-0.292139,6.797930210217844e+18,34.106041,-117.70507,358.0,-0.3125,-5.4375,2.24,-1.19,-1.62,
4.968252,2.456542,-0.290465,6.79793021451291e+18,34.106041,-117.70507,359.25,-1.5,-5.8125,-2.84,0.82,0.64,
4.932105,2.444028,-0.288476,6.797930214513011e+18,34.106041,-117.70507,0.0,-1.6875,-4.9375,-2.89,-0.57,0.71,
4.92563,2.411975,-0.287429,6.79793021451311e+18,34.106041,-117.70507,0.25,-1.25,-4.4375,1.18,-1.32,-1.0,
4.896958,2.415975,-0.286173,6.79793021451321e+18,34.106041,-117.70507,1.1875,-1.0,-5.0,1.25,2.37,0.21,
4.933131,2.275249,-0.284708,6.79793021451331e+18,34.106041,-117.70507,0.3125,-1.0,-4.75,-2.34,1.16,-1.24,
4.962796,2.094326,-0.2823,6.79793021451341e+18,34.106041,-117.70507,359.4375,-0.4375,-4.5,0.36,0.1,-1.15,
4.97589,1.994245,-0.280939,6.79793021451351e+18,34.106041,-117.70507,358.875,-1.0625,-4.9375,0.33,-2.85,1.47,
5.004793,1.898145,-0.280521,6.797930214513711e+18,34.106041,-117.70507,359.5625,-0.875,-5.5625,2.6,0.73,-1.92,
4.985209,1.870839,-0.279055,6.79793021451381e+18,34.106041,-117.70507,359.0,0.125,-6.0625,0.08,1.56,-3.08,
5.012387,1.778919,-0.278741,6.797930218808877e+18,34.106041,-117.70507,358.75,0.5625,-5.375,0.41,-1.04,0.37,
5.004098,1.705483,-0.277067,6.797930218808978e+18,34.106041,-117.70507,358.5625,0.875,-5.1875,0.47,1.06,-1.36,
5.017733,1.626488,-0.276439,6.797930218809078e+18,34.106041,-117.70507,358.4375,0.8125,-5.0,0.08,-0.08,-1.28,
5.012068,1.591847,-0.275601,6.797930218809177e+18,34.106041,-117.70507,358.3125,0.625,-4.8125,-0.29,-0.53,-2.06,
5.033944,1.548643,-0.27602,6.797930218809278e+18,34.106041,-117.70507,358.5,0.375,-4.8125,0.12,-0.07,0.42,
4.99653,1.527592,-0.273822,6.797930218809378e+18,34.106041,-117.70507,358.625,0.0625,-4.3125,-0.62,-1.59,1.62,
4.987777,1.522061,-0.273298,6.797930218809477e+18,34.106041,-117.70507,359.0625,0.0625,-4.1875,0.23,-1.41,-0.15,
5.020814,1.502496,-0.274659,6.797930218809578e+18,34.106041,-117.70507,359.25,0.375,-4.375,1.97,-0.72,-1.44,
5.007986,1.439801,-0.273089,6.797930218809678e+18,34.106041,-117.70507,359.375,0.3125,-4.625,-0.51,1.15,-0.93,
5.015752,1.434455,-0.273403,6.797930218809777e+18,34.106041,-117.70507,359.8125,-0.0625,-5.375,0.34,-0.34,-0.52,
5.045183,1.373583,-0.274031,6.797930223104845e+18,34.106041,-117.70507,359.9375,-0.3125,-6.0,-0.43,2.14,-1.16,
5.029555,1.259605,-0.271728,6.797930223104945e+18,34.106041,-117.70507,359.3125,-0.125,-5.6875,-0.74,-0.79,0.38,
5.016251,1.18764,-0.270158,6.797930223105046e+18,34.106041,-117.70507,359.0625,0.25,-5.5,1.35,-0.44,-1.45,
5.003206,1.146806,-0.269007,6.797930223105145e+18,34.106041,-117.70507,359.1875,0.0,-5.4375,1.45,0.88,0.25,
5.01508,1.084299,-0.268902,6.797930223105245e+18,34.106041,-117.70507,358.9375,-0.4375,-5.125,-0.17,0.16,-0.7,
5.027419,1.015532,-0.268797,6.797930223105346e+18,34.106041,-117.705063,358.8125,-0.375,-5.0625,-0.76,-0.31,-1.31,
5.022964,0.976365,-0.268169,6.797930223105445e+18,34.106041,-117.705063,358.75,-0.1875,-4.75,-0.59,1.12,-0.24,
5.026976,0.911744,-0.267751,6.797930223105544e+18,34.106041,-117.705063,358.5625,-0.375,-4.375,-1.15,-0.32,0.58,
5.069365,0.913036,-0.269949,6.797930223105646e+18,34.106041,-117.705063,358.75,-0.25,-4.375,-0.48,-0.26,-2.03,
5.023533,0.874037,-0.267227,6.797930223105745e+18,34.106041,-117.705063,358.9375,-0.0625,-4.375,1.05,-0.31,-0.05,
5.01914,0.87598,-0.267018,6.797930227400812e+18,34.106041,-117.705063,0.1875,-0.0625,-5.4375,1.89,1.15,-1.57,
5.041112,0.830032,-0.267751,6.797930227400913e+18,34.106041,-117.705063,0.0625,0.0,-5.625,1.31,1.15,-3.82,
5.057681,0.840015,-0.268693,6.797930227401012e+18,34.106041,-117.705063,0.5,-0.8125,-5.5,-1.79,0.34,-2.34,
5.030881,0.805817,-0.267018,6.797930227401112e+18,34.106041,-117.705063,1.0625,-0.75,-5.5,0.59,0.29,-0.81,
5.030585,0.794966,-0.266913,6.797930227401213e+18,34.106041,-117.705063,1.5625,-0.5625,-4.9375,-1.74,-0.65,1.63,
5.031398,0.763622,-0.266704,6.797930227401312e+18,34.106041,-117.705063,1.875,-0.25,-4.75,1.81,-0.95,-0.79,
5.095015,0.75691,-0.269949,6.797930227401412e+18,34.106041,-117.705063,2.1875,-0.375,-4.75,-0.19,0.6,-0.87,
5.03604,0.659431,-0.266181,6.797930227401513e+18,34.106041,-117.705063,2.0,-0.3125,-4.5625,0.44,-0.02,-0.65,
5.067907,0.580103,-0.267332,6.797930227401612e+18,34.106041,-117.705063,1.75,-0.375,-4.5,-0.09,-0.16,0.19,
5.054112,0.522292,-0.266285,6.797930227401712e+18,34.106041,-117.705063,1.625,-0.25,-4.625,1.59,-0.4,-0.77,
5.073785,0.442114,-0.266913,6.79793023169678e+18,34.106041,-117.705063,1.6875,-0.25,-4.875,0.35,0.38,-1.85,
5.048225,0.330878,-0.265134,6.79793023169688e+18,34.106041,-117.705063,0.875,0.0,-5.3125,2.11,-0.26,-1.23,
5.06749,0.237204,-0.265867,6.79793023169698e+18,34.106041,-117.705063,0.625,-0.125,-5.5,-0.86,-0.12,0.82,
5.148691,0.15191,-0.269949,6.797930231697079e+18,34.106041,-117.705063,359.8125,-0.125,-5.4375,-1.19,0.39,-2.1,
5.062746,0.05567,-0.265343,6.79793023169718e+18,34.106041,-117.705063,359.625,-0.25,-5.25,-0.46,-0.26,1.35,
5.083023,-0.004436,-0.26639,6.79793023169728e+18,34.106041,-117.705063,359.5,-0.25,-5.25,0.34,0.26,-1.53,
5.088892,-0.035528,-0.266704,6.797930231697379e+18,34.106041,-117.705063,359.1875,-0.25,-5.1875,0.46,0.31,-0.45,
5.080259,-0.167642,-0.26639,6.79793023169748e+18,34.106041,-117.705063,359.375,-0.375,-5.25,-1.31,1.32,-1.99,
5.078147,-0.222605,-0.26639,6.79793023169758e+18,34.106041,-117.705055,358.75,0.25,-5.0,2.13,1.98,-3.77,
5.08502,-0.285187,-0.266913,6.797930231697679e+18,34.106041,-117.705055,358.25,-0.625,-4.75,-3.31,-0.86,-1.32,
5.088925,-0.24889,-0.267018,6.797930235992748e+18,34.106041,-117.705055,359.5625,0.125,-5.0625,1.7,-0.55,-1.11,
5.067318,-0.279759,-0.265971,6.797930235992847e+18,34.106041,-117.705055,359.8125,-0.25,-5.4375,-1.04,0.16,-4.25,
5.08228,-0.330438,-0.266913,6.797930235992947e+18,34.106041,-117.705055,0.0625,-0.5625,-5.6875,-0.73,1.67,3.78,
5.104161,-0.38916,-0.268274,6.797930235993046e+18,34.106041,-117.705055,0.125,-0.625,-5.1875,-2.65,0.11,-0.19,
5.104017,-0.440261,-0.268483,6.797930235993147e+18,34.106041,-117.705055,359.875,-0.1875,-4.9375,1.9,-0.63,0.79,
5.098345,-0.501694,-0.268483,6.797930235993247e+18,34.106041,-117.705055,359.9375,-0.5625,-4.75,-4.97,-0.12,2.81,
5.095212,-0.569719,-0.268693,6.797930235993346e+18,34.106041,-117.705055,0.0,0.5625,-5.0625,1.87,1.63,-5.79,
5.094748,-0.672546,-0.269321,6.797930235993447e+18,34.106041,-117.705055,359.9375,-0.25,-5.1875,-3.66,1.34,2.58,
5.076971,-0.756041,-0.269007,6.797930235993547e+18,34.106041,-117.705055,359.5625,0.1875,-5.3125,1.68,0.7,-1.25,
5.095805,-0.751574,-0.269949,6.797930235993647e+18,34.106041,-117.705055,359.5,-0.0625,-5.0,-0.86,-0.53,2.9,
5.085673,-0.817324,-0.269949,6.797930240288715e+18,34.106041,-117.705055,359.625,-0.4375,-5.1875,-1.34,-1.13,0.46,
5.09302,-0.882464,-0.270891,6.797930240288814e+18,34.106041,-117.705055,359.5,0.0625,-5.625,0.71,1.12,-0.8,
5.097239,-0.927244,-0.271519,6.797930240288913e+18,34.106041,-117.705055,359.1875,-0.375,-5.5,-3.73,1.39,2.95,
5.072709,-1.072687,-0.271728,6.797930240289014e+18,34.106041,-117.705055,358.375,0.1875,-5.375,0.84,-0.98,-1.25,
5.086833,-1.083096,-0.272566,6.797930240289114e+18,34.106041,-117.705055,358.625,0.25,-5.3125,0.42,-1.36,-1.16,
5.04724,-1.212667,-0.272042,6.797930240289214e+18,34.106041,-117.705055,358.25,0.25,-5.375,0.63,0.26,-1.31,
5.092122,-1.247918,-0.274764,6.797930240289314e+18,34.106041,-117.705055,358.25,0.1875,-5.25,1.9,0.13,-0.03,
5.101836,-1.283386,-0.275706,6.797930240289415e+18,34.106041,-117.705055,358.375,-0.625,-5.1875,-3.18,-1.46,-0.36,
5.093843,-1.330645,-0.275915,6.797930240289514e+18,34.106041,-117.705055,359.0,0.0625,-5.3125,2.56,1.5,-1.39,
5.125177,-1.383839,-0.278218,6.797930240289614e+18,34.106041,-117.70504,359.0625,0.0,-5.25,0.75,0.07,-0.63,
5.128293,-1.395249,-0.278532,6.79793024458468e+18,34.106041,-117.70504,359.3125,0.0625,-5.375,1.35,-0.09,-0.1,
5.102673,-1.457387,-0.278113,6.797930244584782e+18,34.106041,-117.70504,359.5625,-0.0625,-5.5,-1.49,1.3,0.13,
5.102382,-1.550222,-0.279474,6.797930244584881e+18,34.106041,-117.70504,359.4375,0.0,-5.5625,-1.02,-0.07,-1.23,
5.105741,-1.665855,-0.281463,6.79793024458498e+18,34.106041,-117.70504,358.75,-0.125,-5.375,-2.89,-0.1,-1.01,
5.086099,-1.786111,-0.28251,6.797930244585082e+18,34.106041,-117.70504,357.875,0.125,-4.9375,2.46,-1.19,0.75,
5.08753,-1.887993,-0.284394,6.797930244585181e+18,34.106041,-117.70504,357.4375,0.0,-4.625,-2.76,-2.54,1.36,
5.111754,-1.903076,-0.285859,6.797930244585283e+18,34.106041,-117.70504,358.125,0.375,-5.25,2.67,1.01,-5.06,
5.111397,-1.932456,-0.286382,6.797930244585382e+18,34.106041,-117.70504,358.25,-0.1875,-5.3125,-4.76,-1.23,10.47,
5.137948,-1.980509,-0.28858,6.797930244585481e+18,34.106041,-117.70504,358.1875,-0.375,-5.375,-1.57,0.29,-3.33,
5.150376,-1.976013,-0.289104,6.797930244585582e+18,34.106041,-117.70504,358.75,0.125,-5.0625,1.33,-0.5,-0.67,
5.155147,-2.024433,-0.290255,6.797930248880649e+18,34.106041,-117.70504,359.25,-0.0625,-4.875,0.71,0.21,-0.83,
5.164989,-2.070032,-0.291616,6.797930248880749e+18,34.106041,-117.70504,359.3125,0.0,-4.875,0.57,1.0,-2.51,
5.190334,-2.108632,-0.293605,6.797930248880849e+18,34.106041,-117.70504,359.5625,-0.5,-4.625,-1.79,-1.05,-0.58,
5.195605,-2.174434,-0.295175,6.797930248880949e+18,34.106041,-117.70504,0.0,-0.5625,-4.6875,-1.36,-0.58,1.91,
5.177865,-2.201074,-0.294861,6.797930248881049e+18,34.106041,-117.70504,359.75,-0.0625,-4.75,3.3,-0.44,-2.06,
5.183838,-2.302575,-0.297268,6.797930248881149e+18,34.106041,-117.70504,359.875,-0.75,-4.75,-2.83,-0.93,0.46,
5.201087,-2.327648,-0.298629,6.797930248881248e+18,34.106041,-117.70504,0.1875,-0.0625,-4.6875,3.12,1.21,-2.68,
5.20512,-2.338182,-0.299048,6.79793024888135e+18,34.106041,-117.70504,0.125,-0.8125,-4.75,-4.06,-2.13,1.45,
5.238541,-2.395074,-0.301874,6.797930248881449e+18,34.106041,-117.70504,0.875,-0.3125,-5.0,0.72,1.15,-1.62,
5.223999,-2.510773,-0.303758,6.797930248881548e+18,34.106041,-117.70504,0.25,-0.5,-4.75,-0.93,1.13,-0.14,
5.185921,-2.654912,-0.305328,6.797930253176616e+18,34.106041,-117.705032,359.4375,-0.5,-4.5,-0.02,-2.49,-1.99,
5.158656,-2.754466,-0.306479,6.797930253176716e+18,34.106041,-117.705032,359.375,-0.4375,-4.6875,0.4,-0.28,1.68,
5.127746,-2.861104,-0.307735,6.797930253176816e+18,34.106041,-117.705032,359.125,-0.4375,-5.0,0.55,1.7,-4.8,
5.114321,-2.957517,-0.30962,6.797930253176917e+18,34.106041,-117.705032,358.375,-0.3125,-5.125,-0.48,0.48,2.81,
5.10566,-2.988291,-0.310038,6.797930253177016e+18,34.106041,-117.705032,358.375,-0.1875,-4.3125,-2.97,-1.93,-1.0,
5.169438,-3.025619,-0.313911,6.797930253177217e+18,34.106041,-117.705032,358.6875,0.5625,-4.125,3.47,0.82,-1.69,
5.164142,-3.112751,-0.316005,6.797930253177316e+18,34.106041,-117.705032,359.3125,0.0,-4.4375,-5.6,-1.12,6.47,
5.183029,-3.162493,-0.318203,6.797930253177416e+18,34.106041,-117.705032,359.375,0.75,-4.75,1.43,1.44,-2.42,
5.167053,-3.263951,-0.320296,6.797930253177517e+18,34.106041,-117.705032,359.4375,0.75,-4.875,-1.66,0.81,1.46,
5.183649,-3.304893,-0.32218,6.797930257472584e+18,34.106041,-117.705032,359.375,1.0625,-4.625,1.18,-0.42,0.6,
5.223,-3.358258,-0.325425,6.797930257472683e+18,34.106041,-117.705032,359.375,0.6875,-4.4375,1.09,-0.46,-1.97,
5.246027,-3.340801,-0.325948,6.797930257472783e+18,34.106041,-117.705032,0.1875,0.3125,-4.75,0.36,0.48,-1.23,
5.257795,-3.400119,-0.328146,6.797930257472884e+18,34.106041,-117.705032,0.5,0.4375,-4.8125,-1.22,3.91,4.24,
5.20768,-3.403918,-0.326053,6.797930257472983e+18,34.106041,-117.705032,0.1875,0.0,-4.125,-4.77,-4.1,24.35,
5.258676,-3.489888,-0.330763,6.797930257473083e+18,34.106041,-117.705032,0.1875,0.5,-3.875,3.35,-3.68,9.1,
5.262988,-3.50865,-0.331496,6.797930257473184e+18,34.106041,-117.705032,0.75,-0.5625,-4.0625,-4.64,-0.3,24.8,
5.233241,-3.595362,-0.332752,6.797930257473283e+18,34.106041,-117.705025,0.375,-0.5,-4.25,2.21,-0.09,0.37,
5.213932,-3.720434,-0.335683,6.797930257473383e+18,34.106041,-117.705025,359.9375,-1.25,-4.0625,-5.35,-3.17,7.33,
5.181931,-3.795379,-0.336625,6.797930257473483e+18,34.106041,-117.705025,359.5625,-0.5,-4.125,4.65,1.43,-2.86,
5.179646,-3.888988,-0.339451,6.797930261768551e+18,34.106041,-117.705025,359.5,-0.5,-4.0625,0.63,-0.13,-0.92,
5.17331,-3.92391,-0.340288,6.797930261768651e+18,34.106041,-117.705025,359.3125,-0.625,-4.5625,3.49,1.87,-2.85,
5.127575,-4.061152,-0.342801,6.79793026176875e+18,34.106037,-117.705009,358.875,-1.0,-4.5,-2.43,0.12,-2.58,
5.141628,-4.142848,-0.115256,6.797930261768851e+18,34.106037,-117.705009,358.6875,-0.3125,-4.3125,-0.65,-0.57,2.85,
5.245198,-4.072993,-0.348034,6.797930261768951e+18,34.106037,-117.705009,359.0625,-0.25,-4.1875,1.54,-1.83,-1.22,
5.287916,-4.092866,-0.350442,6.79793026176905e+18,34.106037,-117.705009,0.25,-0.25,-4.4375,0.43,0.93,-0.62,
5.298877,-4.02936,-0.348871,6.797930261769151e+18,34.106037,-117.705009,0.625,-0.3125,-4.1875,0.58,0.07,-1.19,
5.331848,-4.104593,-0.35264,6.797930261769251e+18,34.106037,-117.705009,0.875,-0.3125,-4.0,2.2,-0.73,0.09,
5.368701,-4.052957,-0.352535,6.79793026176935e+18,34.106037,-117.705009,1.1875,-0.4375,-3.8125,-0.75,-0.42,-1.16,
5.384224,-4.032313,-0.352535,6.797930261769452e+18,34.106037,-117.705009,1.6875,-0.625,-3.6875,-0.09,-1.11,-0.06,
5.424899,-4.061297,-0.355152,6.797930266064518e+18,34.106037,-117.705009,1.9375,-0.5,-3.8125,0.0,-0.05,-1.47,
5.531401,-3.942598,-0.355989,6.797930266064618e+18,34.106037,-117.705009,2.8125,0.0,-4.0625,1.66,0.38,-1.84,
5.741671,-3.725836,-0.358711,6.797930266064719e+18,34.106037,-117.705009,4.875,-0.6875,-3.9375,-1.8,-0.54,-1.86,
5.941419,-3.386177,-0.358397,6.797930266064819e+18,34.106037,-117.705009,7.9375,-0.4375,-3.875,1.09,-0.91,-1.9,
6.25135,-2.879267,-0.360699,6.797930266064919e+18,34.106037,-117.705009,9.5,-0.6875,-3.8125,-0.14,-0.26,1.07,
6.428128,-2.420017,-0.359967,6.797930266065018e+18,34.106037,-117.705009,16.875,-0.875,-3.5625,0.98,1.42,-0.22,
6.602416,-1.929431,-0.36049,6.797930266065118e+18,34.106037,-117.705009,23.3125,-1.0625,-2.5,-0.29,-1.48,-1.12,
6.783218,-1.233943,-0.361327,6.797930266065218e+18,34.106037,-117.705009,26.4375,-1.375,-2.4375,0.46,-0.96,-0.13,
6.859007,-0.71849,-0.361432,6.797930266065317e+18,34.106037,-117.705009,29.5625,-1.8125,-2.625,-0.12,2.15,0.62,
6.88005,-0.414776,-0.361223,6.797930266065416e+18,34.106037,-117.705009,35.5,-1.9375,-2.3125,0.81,1.03,-0.35,
6.91046,0.027741,-0.362165,6.797930270360485e+18,34.106037,-117.705009,40.1875,-1.9375,-1.5625,-0.29,0.6,-0.41,
6.883001,0.569514,-0.361955,6.797930270360585e+18,34.106037,-117.705009,42.5,-1.9375,-1.3125,-0.81,-0.45,0.47,
6.888598,1.014763,-0.121539,6.797930270360685e+18,34.106037,-117.705009,49.0,-1.6875,-1.125,0.92,-0.22,-0.7,
6.752514,1.515554,-0.362688,6.797930270360786e+18,34.106037,-117.705009,51.0,-1.75,-1.125,0.84,-0.25,-0.87,
6.649747,1.95965,-0.363316,6.797930270360885e+18,34.106037,-117.705009,53.25,-2.0,-1.125,0.59,1.3,0.86,
6.47974,2.497725,-0.363944,6.797930270360987e+18,34.106037,-117.705002,62.125,-1.75,-0.3125,-1.16,-1.6,-0.85,
6.284286,2.978624,-0.364468,6.797930270361086e+18,34.106037,-117.705002,67.625,-1.6875,-0.5625,2.18,3.85,-1.67,
6.058593,3.488068,-0.122027,6.797930270361185e+18,34.106037,-117.705002,72.0,-1.625,0.0625,-0.43,1.07,-1.16,
5.768434,3.895254,-0.364782,6.797930270361285e+18,34.106037,-117.705002,76.125,-1.375,0.4375,0.97,0.16,-1.55,
5.475991,4.299902,-0.364886,6.797930270361386e+18,34.106037,-117.705002,80.1875,-1.5625,0.8125,0.94,0.08,-0.35,
5.160519,4.692419,-0.121748,6.797930274656452e+18,34.106037,-117.705002,84.8125,-1.5625,0.9375,0.47,3.31,-0.48,
5.017273,4.801316,-0.363944,6.797930274656552e+18,34.106037,-117.705002,86.0625,-1.3125,1.0,0.53,0.73,-0.47,
4.824051,4.967615,-0.362898,6.797930274656651e+18,34.106037,-117.705002,87.125,-1.1875,1.0,1.06,0.42,-0.41,
4.682081,5.093509,-0.362584,6.797930274656751e+18,34.106037,-117.705002,90.125,-1.0625,1.0,0.25,2.21,-0.5,
4.636943,5.088793,-0.360804,6.797930274656852e+18,34.106037,-117.705002,90.5625,-1.0,1.0,0.38,1.83,-0.81,
4.711704,5.008689,-0.360385,6.797930274656951e+18,34.106037,-117.705002,90.0,-1.375,1.1875,-2.18,-0.19,-0.55,
4.704486,4.952299,-0.357978,6.797930274657053e+18,34.106037,-117.705002,89.9375,-1.1875,1.125,1.15,2.01,-0.94,
4.764067,4.861509,-0.356722,6.797930274657153e+18,34.106037,-117.705002,89.4375,-1.625,1.0,-2.51,0.72,-1.14,
4.786389,4.774708,-0.354314,6.797930274657252e+18,34.106037,-117.705002,88.8125,-1.125,0.8125,2.41,1.42,0.47,
4.828617,4.677622,-0.352326,6.797930274657354e+18,34.106037,-117.705002,88.6875,-1.6875,0.9375,-2.45,-0.38,3.36,
4.819076,4.621327,-0.349918,6.79793027895242e+18,34.106037,-117.705002,88.5625,-1.9375,0.8125,0.76,1.31,-1.16,
4.848541,4.546718,-0.348348,6.79793027895252e+18,34.106037,-117.705002,88.375,-1.6875,1.0,0.53,2.71,-0.58,
4.815937,4.490934,-0.345103,6.797930278952621e+18,34.106037,-117.705002,88.25,-1.875,1.3125,-0.89,-0.65,-1.29,
4.788865,4.467252,-0.343219,6.79793027895272e+18,34.106037,-117.705002,88.4375,-1.9375,1.375,-0.08,0.57,-0.86,
4.76886,4.43305,-0.34123,6.79793027895282e+18,34.106037,-117.705002,89.1875,-1.6875,0.9375,-0.1,2.45,-2.64,
4.766429,4.376819,-0.339137,6.797930278952919e+18,34.106037,-117.704987,89.25,-1.3125,1.0625,-0.42,1.83,-0.38,
4.760406,4.330118,-0.337253,6.79793027895302e+18,34.106037,-117.704987,89.25,-1.125,1.1875,2.12,-0.56,-3.12,
4.697414,4.354424,-0.335683,6.79793027895312e+18,34.106037,-117.704987,90.4375,-1.5625,1.125,-1.02,1.5,-2.09,
4.648996,4.315579,-0.332438,6.797930278953219e+18,34.106037,-117.704987,90.6875,-1.4375,1.25,-1.42,3.14,0.64,
4.66289,4.244391,-0.330449,6.79793027895332e+18,34.106037,-117.704987,90.6875,-1.6875,1.5,0.21,1.1,1.1,
4.685077,4.147923,-0.327937,6.797930283248387e+18,34.106037,-117.704987,90.4375,-1.625,1.4375,-2.17,-0.24,6.91,
4.707909,4.036591,-0.325006,6.797930283248486e+18,34.106037,-117.704987,90.0,-1.5625,1.3125,-0.62,0.57,1.25,
4.717107,3.991913,-0.323855,6.797930283248588e+18,34.106037,-117.704987,89.9375,-1.5625,1.1875,3.21,-0.7,0.92,
4.76973,3.877637,-0.107297,6.797930283248687e+18,34.106037,-117.704987,89.625,-1.5625,1.3125,1.87,1.96,-1.11,
4.711471,3.804394,-0.317365,6.797930283248787e+18,34.106037,-117.704987,89.75,-1.875,1.4375,-3.01,0.05,2.23,
4.692411,3.81206,-0.316842,6.797930283248888e+18,34.106037,-117.704987,90.0,-2.25,1.125,-2.92,-0.62,-1.58,
4.721786,3.753187,-0.316109,6.797930283248987e+18,34.106037,-117.704987,90.3125,-1.125,0.75,2.33,0.18,-4.13,
4.708919,3.636841,-0.311818,6.797930283249086e+18,34.106037,-117.704987,90.25,-1.9375,1.25,-2.51,-0.25,-2.58,
4.803813,3.459524,-0.310248,6.797930283249187e+18,34.106037,-117.704987,88.5625,-1.3125,1.625,4.8,0.96,-1.73,
4.819562,3.382221,-0.308573,6.797930283249287e+18,34.106037,-117.704987,88.4375,-1.3125,1.625,0.77,-0.42,-4.52,
4.839748,3.303929,-0.307107,6.797930287544355e+18,34.106037,-117.704987,88.375,-2.1875,1.375,-1.11,-1.2,3.06,
4.819266,3.26657,-0.305119,6.797930287544454e+18,34.106037,-117.704987,88.6875,-1.6875,1.375,2.25,2.35,-2.92,
4.821459,3.220379,-0.303863,6.797930287544556e+18,34.106037,-117.704987,88.75,-1.6875,1.625,-2.23,-0.22,3.48,
4.768053,3.228214,-0.301769,6.797930287544655e+18,34.106037,-117.704987,89.5625,-1.75,1.625,-0.21,-0.68,4.07,
4.792145,3.256738,-0.303653,6.797930287544754e+18,34.106037,-117.704987,90.4375,-2.5,1.0,-0.33,2.62,-2.76,
4.815577,3.112952,-0.300513,6.797930287544854e+18,34.106037,-117.704987,90.375,-2.25,0.875,-2.08,1.51,1.24,
4.83482,3.071822,-0.300199,6.797930287544954e+18,34.106037,-117.704987,89.9375,-1.375,0.3125,3.49,2.42,-4.63,
4.896264,2.930353,-0.299048,6.797930287545054e+18,34.106033,-117.704971,88.875,-1.9375,0.625,0.33,-0.03,0.55,
4.893111,2.912252,-0.29842,6.797930287545154e+18,34.106033,-117.704971,88.9375,-1.9375,0.5,-2.16,3.33,1.62,
4.969803,2.729914,-0.297164,6.797930287545255e+18,34.106033,-117.704971,88.1875,-1.8125,0.5,-0.3,0.69,-2.25,
4.956757,2.691299,-0.295593,6.797930291840322e+18,34.106033,-117.704971,87.6875,-1.8125,0.75,-1.39,-0.19,4.05,
4.968851,2.626432,-0.294547,6.797930291840423e+18,34.106033,-117.704971,87.5,-1.75,0.8125,1.2,1.06,-4.03,
4.921494,2.557602,-0.290674,6.797930291840522e+18,34.106033,-117.704971,87.8125,-2.0625,1.0625,-2.48,3.22,4.74,
4.904208,2.551881,-0.289732,6.797930291840623e+18,34.106033,-117.704971,88.25,-1.9375,1.125,-2.04,0.52,-2.45,
4.913405,2.577408,-0.290779,6.797930291840722e+18,34.106033,-117.704971,88.5625,-1.6875,0.8125,0.8,-0.08,1.73,
4.909098,2.542461,-0.289732,6.797930291840822e+18,34.106033,-117.704971,89.625,-1.75,0.125,-1.11,3.47,-1.05,
4.931758,2.449219,-0.28858,6.797930291840922e+18,34.106033,-117.704971,89.3125,-1.125,0.125,1.23,2.29,0.47,
4.943862,2.369763,-0.287324,6.797930291841021e+18,34.106033,-117.704971,89.1875,-1.125,0.375,-2.73,0.03,3.95,
4.902989,2.273812,-0.283242,6.797930291841122e+18,34.106033,-117.704971,88.9375,-0.25,0.4375,3.13,2.37,-1.95,
4.906799,2.232021,-0.28251,6.797930291841222e+18,34.106033,-117.704971,88.9375,-0.875,1.0625,-2.56,-0.99,2.35,
4.909282,2.182674,-0.281567,6.797930296136289e+18,34.106033,-117.704971,89.125,-0.4375,0.875,2.93,0.38,0.1,
4.923226,2.156023,-0.281672,6.797930296136389e+18,34.106033,-117.704971,89.3125,-1.0,0.5625,-3.37,3.39,1.48,
4.939032,2.005533,-0.279369,6.797930296136489e+18,34.106033,-117.704971,88.5625,-0.5625,0.6875,2.81,1.49,-0.68,
4.959269,1.927558,-0.278846,6.797930296136589e+18,34.106033,-117.704971,88.25,-1.125,0.875,-4.81,-1.55,4.05,
4.964137,1.875791,-0.278113,6.797930296136689e+18,34.106033,-117.704971,88.375,-0.625,0.4375,3.26,3.0,-0.65,
4.970738,1.806254,-0.277171,6.79793029613679e+18,34.106033,-117.704971,88.3125,-1.0625,0.4375,-0.64,0.79,5.78,
5.020876,1.796745,-0.279474,6.797930296136889e+18,34.106033,-117.704971,88.5,-1.0625,0.6875,0.23,3.11,-2.54,
4.922585,1.696904,-0.27288,6.797930296136989e+18,34.106033,-117.704971,88.5625,-0.9375,1.3125,0.21,0.34,-0.78,
4.904766,1.656356,-0.27131,6.79793029613709e+18,34.106033,-117.704964,88.75,-0.8125,1.375,3.57,0.01,-2.61,
4.903416,1.622599,-0.270682,6.797930296137189e+18,34.106033,-117.704964,89.1875,-0.75,1.375,-0.11,0.5,-2.36,
4.919214,1.593605,-0.270996,6.797930300432256e+18,34.106033,-117.704964,89.6875,-0.375,0.875,2.52,2.96,-4.61,
4.930392,1.497968,-0.270054,6.797930300432355e+18,34.106033,-117.704964,89.5,-0.8125,1.125,-1.88,-0.85,4.67,
4.933963,1.465254,-0.26974,6.797930300432457e+18,34.106033,-117.704964,89.3125,-0.375,0.9375,4.05,0.48,0.44,
4.944833,1.376902,-0.269007,6.797930300432556e+18,34.106033,-117.704964,89.625,-1.125,1.0625,-2.11,1.88,-2.43,
4.944032,1.349752,-0.268588,6.797930300432656e+18,34.106033,-117.704964,89.6875,-1.125,1.3125,-2.42,2.45,4.28,
4.901612,1.260344,-0.265239,6.797930300432757e+18,34.106033,-117.704964,89.6875,-1.3125,1.625,-2.4,0.25,0.18,
4.902273,1.208651,-0.264611,6.797930300432856e+18,34.106033,-117.704964,89.75,-0.8125,1.9375,1.75,1.56,-7.19,
4.997709,1.246995,-0.269949,6.797930300432956e+18,34.106033,-117.704964,90.1875,-0.625,1.625,2.52,2.36,2.47,
4.895751,1.159111,-0.263669,6.797930300433057e+18,34.106033,-117.704964,90.8125,-1.0625,1.1875,-2.04,3.41,-1.13,
4.86486,1.032283,-0.260633,6.797930300433156e+18,34.106033,-117.704964,90.3125,-1.25,1.5625,1.9,1.18,-4.14,
4.904696,0.946271,-0.261784,6.797930304728224e+18,34.106033,-117.704964,90.0625,-1.5625,1.5,-0.82,-2.61,3.61,
4.920782,0.90402,-0.262203,6.797930304728323e+18,34.106033,-117.704964,90.125,-1.75,1.0625,-2.55,1.08,5.52,
4.948052,0.79255,-0.262622,6.797930304728423e+18,34.106033,-117.704964,89.25,-1.4375,1.0625,2.34,-1.14,-0.52,
4.95982,0.641528,-0.262098,6.797930304728524e+18,34.106033,-117.704964,89.1875,-1.3125,0.9375,-1.19,1.39,-3.29,
4.983893,0.540544,-0.262726,6.797930304728623e+18,34.106033,-117.704964,87.875,-1.125,0.5,0.81,2.88,-0.6,
4.953093,0.468205,-0.260738,6.797930304728724e+18,34.106033,-117.704964,87.5,-1.6875,0.8125,0.51,1.0,-4.71,
4.943917,0.500441,-0.260424,6.797930304728824e+18,34.106033,-117.704964,88.25,-2.625,1.1875,-3.0,0.22,-2.02,
4.965157,0.50872,-0.261575,6.797930304728923e+18,34.106033,-117.704964,89.3125,-2.0625,0.9375,0.26,2.83,-0.29,
4.974745,0.450986,-0.261784,6.797930304729022e+18,34.106033,-117.704956,89.4375,-2.0,0.8125,1.92,2.64,2.25,
4.979036,0.284474,-0.261366,6.79793030902419e+18,34.10603,-117.704956,89.25,-2.1875,1.0,-0.32,1.6,-2.33,
4.995361,0.133426,-0.261889,6.79793030902429e+18,34.10603,-117.704956,87.875,-2.0,0.9375,1.43,2.83,-1.78,
5.007109,0.013983,-0.262412,6.797930309024391e+18,34.10603,-117.704956,87.125,-2.0,1.0625,0.01,0.62,0.34,
4.98354,-0.127017,-0.261261,6.79793030902449e+18,34.10603,-117.704956,86.625,-2.125,1.25,-1.54,-0.66,3.75,
5.012595,-0.255681,-0.263041,6.797930309024592e+18,34.10603,-117.704956,85.5,-1.625,0.6875,1.87,1.64,-2.33,
5.006947,-0.349242,-0.263041,6.797930309024691e+18,34.10603,-117.704956,84.875,-1.0625,0.3125,1.41,2.57,-0.78,
5.023263,-0.468647,-0.264401,6.797930309024792e+18,34.10603,-117.704956,83.875,-0.75,0.5625,0.98,-0.75,-1.1,
5.012784,-0.428866,-0.263669,6.797930309024891e+18,34.10603,-117.704956,84.0625,-0.6875,0.5,2.9,0.56,-2.62,
5.012474,-0.408578,-0.263564,6.797930309024991e+18,34.10603,-117.704956,84.6875,-1.0625,0.5,-1.63,0.0,2.58,
5.046885,-0.40429,-0.265343,6.797930309025091e+18,34.10603,-117.704956,85.375,-1.625,0.5,0.42,-0.44,1.63,
5.031705,-0.485384,-0.264925,6.797930313320157e+18,34.10603,-117.704956,86.6875,-1.0,0.625,1.14,2.37,-2.77,
5.068616,-0.537206,-0.267123,6.797930313320358e+18,34.10603,-117.704956,86.6875,-0.875,1.25,-2.15,-2.09,-0.41,
5.107768,-0.64979,-0.269844,6.797930313320558e+18,34.10603,-117.704956,87.6875,-0.8125,0.625,-1.79,1.25,1.54,
5.071735,-0.722718,-0.268483,6.797930313320658e+18,34.10603,-117.704956,87.875,-1.125,0.4375,-1.63,2.23,-1.35,
5.063676,-0.790234,-0.268588,6.797930313320758e+18,34.106026,-117.704964,87.625,-0.75,0.4375,1.44,2.43,0.12,
5.102447,-0.813626,-0.270786,6.797930313320858e+18,34.106026,-117.704964,87.625,-0.375,0.8125,4.88,0.27,-0.59,
5.091363,-0.85657,-0.270577,6.797930313320959e+18,34.106026,-117.704964,88.25,-1.0,0.5,0.86,0.93,-2.46,
5.117117,-0.859985,-0.271938,6.797930313321058e+18,34.106026,-117.704964,89.0625,-1.0625,0.75,-0.63,2.23,-1.04,
5.273757,-0.891989,-0.280311,6.797930317616125e+18,34.106026,-117.704964,89.375,-1.0625,0.8125,-0.05,-0.38,-3.68,
5.248421,-1.03065,-0.280311,6.797930317616326e+18,34.106022,-117.704964,89.75,-0.9375,0.5625,-0.99,0.0,1.08,
5.131416,-1.103828,-0.275078,6.797930317616425e+18,34.106022,-117.704964,90.0625,-0.6875,0.4375,2.35,2.91,-1.79,
5.150078,-1.149292,-0.276543,6.797930317616526e+18,34.106022,-117.704964,90.1875,-0.875,0.625,-1.1,0.21,-6.63,
5.178656,-1.131023,-0.277799,6.797930317616626e+18,34.106022,-117.704964,90.0,-1.0625,0.6875,1.99,2.34,-0.49,
5.208355,-1.163251,-0.279683,6.797930317616726e+18,34.106018,-117.704964,90.0625,-0.75,1.1875,1.28,-1.39,0.74,
5.22067,-1.181317,-0.280521,6.797930317616826e+18,34.106018,-117.704964,91.25,-0.625,0.25,2.01,2.88,-1.69,
5.203307,-1.194584,-0.279788,6.797930317616926e+18,34.106018,-117.704964,92.3125,-1.0625,0.375,-1.15,1.15,-1.43,
5.231104,-1.225018,-0.281567,6.797930317617025e+18,34.106018,-117.704964,92.9375,-1.0625,0.875,0.84,1.86,-1.44,
5.211029,-1.371949,-0.282405,6.797930321912092e+18,34.106018,-117.704964,92.6875,-1.0,1.0625,2.39,0.83,-3.14,
5.317696,-1.583253,-0.290779,6.797930321912191e+18,34.106018,-117.704964,91.875,-0.6875,0.6875,-0.32,1.96,1.79,
5.131479,-1.758899,-0.284289,6.797930321912292e+18,34.106018,-117.704964,90.125,-0.4375,0.875,2.55,1.58,-2.3,
5.100336,-1.922172,-0.28565,6.797930321912393e+18,34.106018,-117.704964,89.125,-0.5625,0.6875,-0.62,3.0,1.5,
5.112826,-1.979029,-0.287324,6.797930321912494e+18,34.106018,-117.704964,88.8125,-0.5625,0.6875,0.87,-0.81,0.94,
5.136629,-2.044113,-0.289732,6.797930321912593e+18,34.106018,-117.704964,89.1875,-0.9375,0.1875,-0.9,1.97,-1.79,
5.107934,-2.099083,-0.289418,6.797930321912693e+18,34.106018,-117.704964,88.8125,-0.25,0.125,3.75,2.6,-1.51,
5.095129,-2.196418,-0.290779,6.797930321912792e+18,34.106018,-117.704964,88.625,-0.4375,0.625,0.27,1.31,3.73,
5.093455,-2.269883,-0.292244,6.797930321912893e+18,34.106018,-117.704964,88.625,-0.375,1.0,1.2,-0.42,-1.62,
5.122087,-2.264451,-0.2935,6.797930321912993e+18,34.106018,-117.704964,89.3125,-1.5,1.0,-3.24,-1.23,0.97,
5.133949,-2.354842,-0.296012,6.797930326208059e+18,34.106018,-117.704964,89.1875,-0.3125,0.75,3.65,0.58,0.04,
5.158875,-2.405623,-0.298315,6.797930326208161e+18,34.106007,-117.704964,89.625,-0.875,1.0,-5.69,-0.73,8.62,
5.135851,-2.504922,-0.299466,6.79793032620826e+18,34.106007,-117.704964,89.3125,-0.75,1.0,-2.12,0.45,-2.88,
5.171361,-2.486585,-0.300722,6.797930326208359e+18,34.106007,-117.704964,89.0,-0.0625,1.0,2.92,-1.82,0.39,
5.204925,-2.531868,-0.303339,6.797930326208461e+18,34.106007,-117.704964,89.8125,-0.4375,0.875,-1.55,-0.33,1.83,
5.222501,-2.573186,-0.305119,6.79793032620856e+18,34.106007,-117.704964,90.3125,-0.1875,0.6875,0.38,2.79,-3.14,
5.316889,-2.665982,-0.311713,6.797930326208659e+18,34.106007,-117.704964,90.4375,-0.625,1.1875,1.35,-1.44,-0.53,
5.233881,-2.718784,-0.309096,6.797930326208761e+18,34.106007,-117.704964,90.8125,-0.625,1.125,-3.1,1.8,2.51,
5.214853,-2.810258,-0.310457,6.79793032620886e+18,34.106007,-117.704964,90.25,-0.25,0.875,3.44,2.12,-4.66,
5.126551,-3.019769,-0.311818,6.797930326208959e+18,34.106007,-117.704964,88.5625,-1.0,1.0,-0.72,0.43,1.6,
5.11104,-3.168979,-0.315167,6.797930330504028e+18,34.106007,-117.704964,87.9375,-0.625,1.1875,3.14,0.56,-3.11,
5.118073,-3.214297,-0.316737,6.797930330504129e+18,34.106007,-117.704964,88.0625,-0.875,1.0625,2.86,0.2,-1.18,
5.162599,-3.248546,-0.319668,6.797930330504228e+18,34.106007,-117.704964,88.5,-0.625,1.0,1.15,-0.2,-2.17,
5.185184,-3.250138,-0.320715,6.797930330504327e+18,34.106007,-117.704964,88.8125,-0.75,0.8125,-0.23,0.39,2.08,
5.234856,-3.276185,-0.323646,6.797930330504428e+18,34.106007,-117.704964,89.625,-0.625,0.5,2.97,1.91,-3.01,
5.236822,-3.3478,-0.325739,6.797930330504527e+18,34.106007,-117.704964,89.6875,-1.0,0.875,-2.21,-0.84,3.48,
5.204448,-3.434308,-0.326786,6.797930330504627e+18,34.106007,-117.704964,89.375,-0.5,0.9375,2.04,0.59,-0.95,
5.205317,-3.533547,-0.329717,6.797930330504727e+18,34.106007,-117.704964,89.125,-0.25,1.125,0.61,3.15,0.0,
5.157004,-3.641912,-0.330868,6.797930330504827e+18,34.106007,-117.704964,88.75,-0.25,1.375,2.27,0.18,2.17,
5.177872,-3.705626,-0.333694,6.797930330504927e+18,34.106007,-117.704964,88.625,-0.4375,1.5625,1.98,0.34,-2.98,
5.243416,-3.657858,-0.335055,6.797930334799996e+18,34.106007,-117.704964,89.5625,-0.4375,1.1875,1.32,1.18,-3.4,
5.268804,-3.69474,-0.337253,6.797930334800095e+18,34.106007,-117.704964,90.375,-0.875,0.875,-2.66,1.23,3.86,
5.227268,-3.814585,-0.339137,6.797930334800195e+18,34.106007,-117.704964,90.0625,-0.5,0.8125,1.82,1.55,1.25,
5.161263,-3.913354,-0.339451,6.797930334800294e+18,34.105991,-117.704964,89.375,-0.5,1.125,0.96,1.15,-2.42,
5.156158,-4.005295,-0.342172,6.797930334800395e+18,34.105991,-117.704964,88.625,-0.875,1.3125,-3.8,-2.37,-0.44,
5.202937,-4.046002,-0.345417,6.797930334800495e+18,34.105991,-117.704964,89.125,-0.5625,0.8125,1.95,1.86,-0.44,
5.184005,-4.166557,-0.348557,6.797930334800595e+18,34.105991,-117.704964,88.9375,-1.0,0.9375,2.09,1.45,-1.7,
5.168233,-4.195618,-0.348871,6.797930334800695e+18,34.105991,-117.704964,88.6875,-0.875,1.25,1.58,1.83,-1.56,
5.135011,-4.273777,-0.350128,6.797930334800795e+18,34.105991,-117.704964,87.875,-0.8125,1.5,1.99,0.12,0.42,
5.196145,-4.218277,-0.350756,6.797930334800895e+18,34.105991,-117.704964,88.625,-1.0,1.5625,-0.8,0.0,0.63,
5.225315,-4.229867,-0.352326,6.797930339095963e+18,34.105991,-117.704964,89.0625,-0.8125,1.4375,2.48,0.66,-0.39,
5.270445,-4.163841,-0.352012,6.797930339096062e+18,34.105991,-117.704964,89.25,-0.6875,1.1875,0.64,0.96,-0.39,
5.309735,-4.10383,-0.351698,6.797930339096162e+18,34.105991,-117.704964,90.25,-0.6875,0.9375,0.1,1.31,-0.56,
5.37328,-4.040242,-0.352326,6.797930339096262e+18,34.105991,-117.704964,90.9375,-0.5625,0.125,-0.01,0.64,-0.53,
5.508012,-3.875406,-0.352954,6.797930339096363e+18,34.105991,-117.704964,92.1875,-0.5,-0.0625,-0.18,0.35,-0.5,
5.778541,-3.559154,-0.355675,6.797930339096462e+18,34.105991,-117.704964,94.6875,-0.5625,-0.125,-0.53,-0.1,-0.99,
5.890025,-3.310737,-0.354105,6.797930339096562e+18,34.105991,-117.704964,96.5,-0.625,-0.125,-0.23,1.64,0.29,
6.110368,-2.976266,-0.356199,6.797930339096663e+18,34.105991,-117.704964,99.0625,-0.5,0.0625,0.4,-0.6,-0.26,
6.35898,-2.433346,-0.356827,6.797930339096762e+18,34.105991,-117.704964,102.25,-0.6875,0.1875,-0.58,0.09,-0.91,
6.471523,-2.141505,-0.357245,6.797930339096861e+18,34.105991,-117.704964,110.1875,-0.4375,0.5,1.37,2.11,-0.85,
6.507223,-2.050471,-0.357559,6.797930343391927e+18,34.105991,-117.704964,111.125,-0.25,0.4375,0.06,1.13,-0.54,
6.630541,-1.674091,-0.358397,6.797930343392129e+18,34.105991,-117.704964,112.5,-0.25,0.0,-0.18,0.59,-0.54,
6.712426,-1.398631,-0.359339,6.797930343392228e+18,34.105991,-117.704964,115.5625,-0.25,0.0,0.92,0.77,-0.57,
6.762443,-1.168077,-0.359653,6.79793034339233e+18,34.105984,-117.704964,118.9375,-0.3125,-0.0625,-0.33,0.81,-0.45,
6.828727,-0.890533,-0.360909,6.797930343392429e+18,34.105984,-117.704964,121.25,-0.25,-0.1875,-0.03,1.42,-0.34,
6.880867,-0.594738,-0.361955,6.79793034339253e+18,34.105984,-117.704964,123.8125,-0.125,0.0,0.85,0.66,-0.87,
6.88465,-0.284941,-0.361118,6.79793034339263e+18,34.105984,-117.704964,125.1875,-0.125,0.0,0.26,0.97,-0.33,
6.906204,-0.066297,-0.361955,6.797930343392729e+18,34.105984,-117.704964,128.5,-0.125,-0.0625,-0.11,0.91,-0.58,
6.901996,0.300141,-0.36206,6.797930343392829e+18,34.105984,-117.704964,131.5,-0.25,0.0625,-1.33,0.28,-1.1,
6.854646,0.861082,-0.36206,6.797930347687897e+18,34.105984,-117.704964,134.25,-0.25,0.25,0.39,1.82,1.02,
6.787583,1.329211,-0.362479,6.797930347687997e+18,34.105984,-117.704964,140.0,-0.3125,0.375,-0.12,1.51,-0.01,
6.680941,1.766428,-0.362165,6.797930347688096e+18,34.105984,-117.704964,144.0625,-0.25,0.5,0.17,1.92,-0.74,
6.576504,2.096301,-0.361746,6.797930347688197e+18,34.105984,-117.704964,147.125,-0.125,0.625,-0.35,1.31,-0.85,
6.429684,2.565184,-0.362793,6.797930347688296e+18,34.105984,-117.704964,148.8125,0.0,0.75,-0.65,0.42,-0.6,
6.298745,2.938491,-0.364258,6.797930347688396e+18,34.105984,-117.704964,152.9375,0.1875,1.0625,0.7,1.22,-0.67,
6.119241,3.22904,-0.120771,6.797930347688495e+18,34.105984,-117.704964,156.125,0.3125,1.4375,-0.24,1.07,-0.2,
6.065459,3.337272,-0.12084,6.797930347688596e+18,34.105984,-117.704964,158.875,0.4375,1.5625,0.2,1.01,-0.38,
5.963014,3.501278,-0.120701,6.797930347688696e+18,34.105984,-117.704964,160.1875,0.5625,1.625,-0.59,0.61,-0.47,
5.728263,3.879784,-0.362584,6.797930347688798e+18,34.105984,-117.704964,163.0,0.6875,1.625,-0.95,0.59,-0.79,
5.427601,4.245085,-0.361118,6.797930351983865e+18,34.105984,-117.704964,165.1875,0.75,1.5625,-0.96,1.54,-0.02,
5.274626,4.468462,-0.120666,6.797930351983964e+18,34.105984,-117.704964,168.8125,1.0,1.6875,0.55,1.27,-0.48,
4.931171,4.80709,-0.360909,6.797930351984063e+18,34.105984,-117.704964,173.375,1.1875,1.4375,-0.97,2.54,0.31,
4.752118,4.967597,-0.360281,6.797930351984163e+18,34.105984,-117.704964,176.0625,1.5625,1.5625,-0.36,0.34,-0.57,
4.562318,5.153137,-0.360699,6.797930351984263e+18,34.105984,-117.704964,178.5,1.8125,1.625,0.25,1.9,-0.47,
4.432831,5.249263,-0.360071,6.797930351984362e+18,34.105984,-117.704964,180.1875,1.9375,1.4375,-1.02,2.4,-0.66,
4.38707,5.282375,-0.359862,6.797930351984463e+18,34.105968,-117.704971,181.375,1.875,1.5,-1.53,0.58,0.37,
4.319342,5.29415,-0.358083,6.797930351984563e+18,34.105968,-117.704971,181.8125,2.0625,1.625,0.68,1.03,-0.27,
4.397562,5.192771,-0.356617,6.797930351984664e+18,34.105968,-117.704971,181.8125,2.0625,1.625,2.07,1.06,-1.91,
4.48167,5.088826,-0.118362,6.797930351984763e+18,34.105968,-117.704971,180.375,1.4375,1.3125,-0.22,0.04,0.22,
4.569545,5.00429,-0.355152,6.797930356279832e+18,34.105968,-117.704971,179.3125,1.8125,1.3125,-2.73,0.87,1.55,
4.578813,4.87594,-0.350546,6.797930356280031e+18,34.105968,-117.704971,178.6875,1.9375,1.1875,0.78,1.29,-2.82,
4.568888,4.833153,-0.348557,6.797930356280133e+18,34.105968,-117.704971,178.8125,2.25,1.0625,0.26,2.16,-2.82,
4.456912,4.882653,-0.346464,6.797930356280232e+18,34.105968,-117.704971,179.25,2.0,1.0625,-3.69,1.04,0.77,
4.400855,4.887644,-0.344685,6.797930356280331e+18,34.105968,-117.704971,180.0,2.0625,1.5625,0.35,-1.53,5.07,
4.287462,4.947836,-0.343115,6.797930356280432e+18,34.105968,-117.704971,182.0,2.3125,1.1875,1.86,2.76,-4.54,
4.242482,4.889027,-0.339242,6.797930356280531e+18,34.105968,-117.704971,183.5,2.3125,0.875,3.6,0.38,-2.37,
4.275651,4.822558,-0.112498,6.79793035628063e+18,34.105968,-117.704971,183.75,2.125,0.75,-0.46,3.19,-0.89,
4.274309,4.762123,-0.111695,6.797930356280731e+18,34.105968,-117.704971,183.8125,1.6875,1.0,-0.94,1.88,0.44,
4.264607,4.676894,-0.331705,6.797930360575798e+18,34.105968,-117.704971,183.6875,1.5625,1.3125,-1.19,3.23,-3.24,
4.285734,4.589459,-0.329088,6.797930360575899e+18,34.105968,-117.704971,183.3125,1.3125,1.6875,-3.2,1.54,7.64,
4.338,4.462421,-0.326158,6.797930360575998e+18,34.105968,-117.704971,182.625,1.6875,1.9375,4.81,2.29,0.88,
4.388236,4.33949,-0.323436,6.797930360576099e+18,34.105968,-117.704971,182.0625,0.75,1.625,-2.25,0.18,-2.36,
4.352451,4.287607,-0.320191,6.797930360576199e+18,34.105968,-117.704971,182.25,0.875,1.25,-0.92,0.9,-0.12,
4.38585,4.21029,-0.318621,6.797930360576298e+18,34.105968,-117.704971,182.75,1.1875,0.9375,2.54,3.39,1.55,
4.434144,4.083121,-0.3159,6.797930360576399e+18,34.105968,-117.704971,183.0625,1.0,0.75,0.1,3.37,0.47,
4.509553,3.942258,-0.313911,6.797930360576499e+18,34.105968,-117.704971,181.9375,1.5625,0.6875,1.77,1.5,0.93,
4.510447,3.849563,-0.310771,6.797930360576599e+18,34.105957,-117.704971,180.375,2.375,1.0625,2.72,1.13,-1.41,
4.49219,3.790822,-0.308049,6.797930360576699e+18,34.105957,-117.704971,180.875,1.6875,1.625,-2.96,3.61,-1.46,
4.509724,3.738729,-0.307003,6.797930364871766e+18,34.105957,-117.704971,180.75,2.4375,1.625,2.04,1.73,-1.13,
4.456368,3.724781,-0.304386,6.797930364871866e+18,34.105957,-117.704971,181.5,2.3125,1.5625,-2.53,2.65,-0.52,
4.454519,3.670716,-0.302502,6.797930364871966e+18,34.105957,-117.704971,182.0,2.6875,1.5,-1.7,1.34,3.03,
4.44872,3.571752,-0.099583,6.797930364872066e+18,34.105957,-117.704971,182.0625,3.125,1.5,1.73,1.49,-4.23,
4.453627,3.488326,-0.098746,6.797930364872165e+18,34.105957,-117.704971,182.1875,2.5,1.4375,-1.51,2.38,-5.47,
4.481833,3.29103,-0.291407,6.797930364872366e+18,34.105957,-117.704971,181.8125,2.6875,1.25,1.7,1.83,-5.91,
4.489481,3.195228,-0.28879,6.797930364872465e+18,34.105957,-117.704971,181.8125,2.375,1.3125,-4.73,-1.13,13.54,
4.493734,3.126717,-0.286906,6.797930364872566e+18,34.105957,-117.704971,181.3125,2.5625,1.5625,1.27,0.96,1.59,
4.440831,3.05324,-0.094068,6.797930364872665e+18,34.105957,-117.704971,181.9375,2.8125,1.75,2.01,3.17,-4.91,
4.437584,3.054431,-0.094034,6.797930369167734e+18,34.105957,-117.704971,183.0,2.625,1.5625,3.65,0.89,-1.08,
4.405855,3.032591,-0.280311,6.797930369167833e+18,34.105957,-117.704971,183.75,1.5625,1.4375,-7.81,0.83,9.25,
4.405151,2.976908,-0.278637,6.797930369167932e+18,34.105957,-117.704971,183.75,2.5,1.3125,3.51,1.68,-1.81,
4.484238,2.915437,-0.280311,6.797930369168033e+18,34.105957,-117.704971,184.125,1.8125,1.375,-0.44,1.62,-4.45,
4.424848,2.759586,-0.273298,6.797930369168132e+18,34.105957,-117.704971,184.125,0.8125,1.375,-1.67,3.16,14.8,
4.46125,2.634174,-0.271519,6.797930369168232e+18,34.105957,-117.704971,183.1875,0.75,2.0625,-0.02,-0.86,-0.09,
4.438513,2.550197,-0.268274,6.797930369168332e+18,34.105957,-117.704971,183.0625,0.4375,2.0625,2.28,-0.28,-5.02,
4.522339,2.24983,-0.264715,6.797930369168532e+18,34.105957,-117.704971,182.1875,1.125,1.625,4.71,0.1,-2.46,
4.56756,2.085409,-0.263145,6.797930369168634e+18,34.105949,-117.704971,181.0,0.0,0.875,2.15,2.94,0.88,
4.594176,1.986174,-0.262308,6.7979303734637e+18,34.105949,-117.704971,180.25,0.4375,0.3125,3.41,2.89,-0.31,
4.611781,1.834318,-0.26011,6.797930373463801e+18,34.105949,-117.704971,179.375,0.0,0.9375,-1.75,1.05,-1.03,
4.613868,1.717716,-0.258016,6.797930373463901e+18,34.105949,-117.704971,178.5625,0.1875,1.3125,0.03,-1.11,-1.89,
4.613198,1.679067,-0.257284,6.797930373464e+18,34.105949,-117.704971,178.8125,0.5625,0.9375,-1.57,0.49,0.67,
4.643192,1.594248,-0.257284,6.797930373464101e+18,34.105949,-117.704971,178.6875,0.9375,0.5625,1.39,1.22,-1.54,
4.64256,1.565101,-0.25676,6.7979303734642e+18,34.105949,-117.704971,178.5,0.625,0.5,-1.8,2.12,-1.37,
4.669516,1.515416,-0.257284,6.797930373464301e+18,34.105949,-117.704971,179.1875,1.125,0.8125,3.34,2.33,-0.57,
4.616762,1.444151,-0.253515,6.797930373464401e+18,34.105949,-117.704971,179.375,0.4375,1.3125,-4.52,-1.08,5.72,
4.633448,1.4104,-0.253829,6.7979303734645e+18,34.105949,-117.704971,179.9375,1.375,0.875,2.8,3.25,-0.57,
4.636693,1.321672,-0.252678,6.797930373464601e+18,34.105949,-117.704971,180.25,0.9375,0.75,-3.92,1.86,6.96,
4.651771,1.229051,-0.252155,6.797930377759667e+18,34.105949,-117.704971,179.625,1.8125,0.6875,1.74,2.31,0.33,
4.670222,1.061906,-0.251003,6.797930377759867e+18,34.105949,-117.704971,179.75,1.5625,0.6875,-2.55,2.52,-2.9,
4.687523,0.963063,-0.250794,6.797930377759967e+18,34.105949,-117.704971,179.6875,1.625,0.25,0.86,3.25,-1.82,
4.679721,0.787315,-0.2487,6.797930377760068e+18,34.105949,-117.704971,178.3125,1.875,0.625,2.47,2.59,0.77,
4.692678,0.664525,-0.248386,6.797930377760167e+18,34.105949,-117.704971,178.0,1.875,1.4375,0.13,0.7,-0.37,
4.682935,0.60239,-0.247444,6.797930377760268e+18,34.105949,-117.704971,177.8125,1.875,1.5625,-2.21,-2.09,-1.01,
4.688954,0.633138,-0.247968,6.797930377760368e+18,34.105949,-117.704971,179.125,2.125,1.0,1.71,3.15,-1.63,
4.693447,0.582936,-0.247863,6.797930377760469e+18,34.105949,-117.704971,179.25,2.125,0.875,-1.51,0.53,-0.6,
4.694901,0.519151,-0.247549,6.797930377760568e+18,34.105946,-117.704971,179.6875,2.375,0.375,-1.31,2.63,-0.3,
4.725866,0.452552,-0.248805,6.797930382055635e+18,34.105946,-117.704971,179.625,2.8125,0.125,-0.01,2.83,-5.1,
4.732616,0.399904,-0.24891,6.797930382055734e+18,34.105946,-117.704971,179.8125,2.375,0.4375,-1.26,2.58,2.87,
4.766501,0.377643,-0.250585,6.797930382055836e+18,34.105946,-117.704971,180.3125,2.3125,0.9375,0.21,1.91,4.23,
4.716751,0.287663,-0.247654,6.797930382055935e+18,34.105946,-117.704971,180.3125,2.3125,1.0625,-2.3,-0.11,-2.3,
4.741843,0.269261,-0.24891,6.797930382056034e+18,34.105946,-117.704971,180.8125,2.4375,0.75,-2.6,3.64,-2.53,
4.737531,0.136469,-0.248386,6.797930382056136e+18,34.105946,-117.704971,180.6875,2.125,1.125,-2.13,2.72,-0.89,
4.727512,0.0,-0.247758,6.797930382056235e+18,34.105946,-117.704971,179.625,2.375,1.1875,0.9,1.09,-4.47,
4.728273,-0.108125,-0.247863,6.797930382056335e+18,34.105946,-117.704971,179.3125,1.625,0.875,-1.48,1.02,-3.46,
4.717927,-0.122719,-0.24734,6.797930382056435e+18,34.105946,-117.704971,179.6875,1.8125,0.6875,2.84,-0.79,5.45,
4.714112,-0.17945,-0.247235,6.797930382056536e+18,34.105946,-117.704971,180.5,2.0,0.625,0.05,1.64,-5.01,
4.729106,-0.203996,-0.248072,6.797930386351603e+18,34.105946,-117.704971,180.75,2.625,0.75,1.9,0.33,-0.7,
4.738499,-0.257457,-0.2487,6.797930386351702e+18,34.105946,-117.704979,181.6875,1.6875,0.5625,-2.31,1.03,1.28,
4.732033,-0.299373,-0.248491,6.797930386351802e+18,34.105946,-117.704979,182.0,2.0625,0.625,0.22,2.4,3.47,
4.737809,-0.409506,-0.249224,6.797930386351902e+18,34.105946,-117.704979,181.9375,2.0625,1.0625,-1.0,2.79,6.59,
4.7361,-0.471056,-0.249433,6.797930386352002e+18,34.105946,-117.704979,182.1875,1.8125,1.5,-3.25,-2.21,4.92,
4.72078,-0.502839,-0.248805,6.797930386352101e+18,34.105946,-117.704979,182.625,2.375,1.3125,2.46,0.97,4.3,
4.747879,-0.614114,-0.250899,6.797930386352203e+18,34.105946,-117.704979,183.0625,1.625,1.0,-3.04,-0.36,1.68,
4.740686,-0.735592,-0.251422,6.797930386352302e+18,34.105946,-117.704979,182.875,1.5625,0.75,-2.6,0.4,-0.08,
4.742963,-0.832045,-0.252364,6.797930386352401e+18,34.105946,-117.704979,182.625,1.8125,0.5,-1.5,2.26,4.5,
4.750029,-0.986278,-0.254248,6.797930386352502e+18,34.105946,-117.704979,182.1875,1.875,0.5625,-1.05,2.3,-6.28,
4.745634,-1.14283,-0.255818,6.797930390647569e+18,34.105946,-117.704979,180.875,2.5,0.9375,3.59,1.42,0.35,
4.751936,-1.20066,-0.256865,6.797930390647671e+18,34.105946,-117.704987,181.0625,2.0625,1.25,0.02,-0.45,-0.66,
4.748137,-1.247422,-0.257284,6.79793039064777e+18,34.105946,-117.704987,181.5625,2.4375,0.625,1.11,3.03,-5.15,
4.779005,-1.346918,-0.260214,6.797930390647869e+18,34.105946,-117.704987,181.6875,1.875,0.875,-2.72,1.73,0.54,
4.756632,-1.451525,-0.260633,6.797930390647969e+18,34.105946,-117.704987,181.0625,2.3125,0.6875,1.67,0.31,0.88,
4.767719,-1.574926,-0.263145,6.79793039064807e+18,34.105946,-117.704987,180.6875,2.0625,0.6875,-1.05,2.74,1.61,
4.734525,-1.684026,-0.263355,6.797930390648169e+18,34.105946,-117.704987,180.0,1.4375,0.9375,-1.46,1.17,-1.51,
4.77085,-1.736447,-0.266076,6.79793039064827e+18,34.105946,-117.704987,180.3125,1.875,1.0,0.4,1.76,-1.65,
4.833478,-1.774544,-0.269844,6.79793039064837e+18,34.105946,-117.704987,180.625,1.5625,1.0625,0.32,2.38,2.79,
4.824712,-1.809647,-0.270054,6.797930390648471e+18,34.105946,-117.704987,181.0625,1.375,1.0,0.91,1.0,-4.41,
4.831844,-1.819059,-0.270577,6.797930394943537e+18,34.105946,-117.704987,181.5625,1.4375,0.75,0.25,2.51,0.18,
4.837249,-1.899594,-0.272356,6.797930394943636e+18,34.105946,-117.704987,181.4375,1.0,1.0625,-0.37,1.86,-1.85,
4.846027,-1.963828,-0.274031,6.797930394943737e+18,34.105946,-117.704987,181.5625,1.5625,1.125,-1.1,-0.8,3.56,
4.854453,-2.078615,-0.276753,6.797930394943836e+18,34.105946,-117.704987,181.4375,1.9375,0.8125,1.0,3.08,-3.81,
4.769161,-2.286022,-0.277171,6.797930394943937e+18,34.105946,-117.704987,180.6875,1.0625,1.0,-5.02,2.21,-2.18,
4.738154,-2.416294,-0.278741,6.797930394944036e+18,34.105946,-117.704987,178.8125,2.0,1.625,2.84,2.03,-3.84,
4.75278,-2.444695,-0.280102,6.797930394944137e+18,34.105946,-117.704987,178.9375,1.1875,1.75,-3.09,1.37,-3.03,
4.816494,-2.504104,-0.284498,6.797930394944237e+18,34.105946,-117.704987,179.25,1.25,1.5625,0.7,-0.25,1.25,
4.878325,-2.643205,-0.290779,6.797930394944338e+18,34.105946,-117.704987,179.4375,2.625,1.0,1.12,3.37,-3.73,
4.747696,-2.793259,-0.288685,6.797930399239504e+18,34.105946,-117.704987,179.25,2.3125,1.4375,-4.19,-0.15,5.01,
4.762861,-2.89245,-0.292035,6.797930399239603e+18,34.105946,-117.704987,179.0,2.5,1.5625,0.97,1.77,0.14,
4.693377,-3.110014,-0.29507,6.797930399239705e+18,34.105946,-117.704987,179.125,2.6875,1.625,-1.24,-1.26,0.36,
4.671024,-3.235577,-0.297792,6.797930399239804e+18,34.105949,-117.705002,178.4375,1.6875,0.9375,-1.77,2.08,-4.11,
4.702516,-3.270768,-0.300199,6.797930399239904e+18,34.105949,-117.705002,177.3125,3.0,1.625,3.36,0.91,-6.58,
4.745057,-3.304045,-0.303025,6.797930399240005e+18,34.105949,-117.705002,178.5625,1.8125,1.0625,-1.67,3.74,-7.52,
4.674803,-3.503567,-0.306165,6.797930399240104e+18,34.105949,-117.705002,177.9375,2.75,1.5625,4.1,2.11,-0.08,
4.677877,-3.555852,-0.307945,6.797930399240204e+18,34.105949,-117.705002,177.125,2.3125,1.875,-5.52,-2.97,9.04,
4.775159,-3.536012,-0.311399,6.797930399240305e+18,34.105949,-117.705002,178.6875,3.25,1.0625,2.35,2.62,-0.06,
4.736669,-3.540903,-0.309934,6.797930399240404e+18,34.105949,-117.705002,179.125,2.25,2.0625,-0.55,0.36,-0.17,
4.792788,-3.595912,-0.314016,6.797930403535472e+18,34.105949,-117.705002,179.375,2.1875,2.125,2.58,-0.35,-1.19,
4.845782,-3.625108,-0.317156,6.797930403535571e+18,34.105949,-117.705002,180.25,2.0625,1.75,-3.5,-0.43,0.3,
4.855386,-3.678765,-0.319249,6.797930403535671e+18,34.105949,-117.705002,180.5,3.125,1.4375,3.78,2.04,-2.9,
4.923146,-3.695059,-0.322599,6.797930403535771e+18,34.105949,-117.705002,181.375,2.4375,1.125,-4.34,4.86,0.08,
4.84932,-3.855942,-0.324692,6.797930403535871e+18,34.105949,-117.705002,181.1875,2.625,1.3125,-1.27,0.75,-3.02,
4.89142,-3.857469,-0.326472,6.797930403535971e+18,34.105949,-117.705002,180.3125,3.5625,1.125,2.27,1.96,-0.87,
4.86549,-3.931567,-0.327832,6.797930403536072e+18,34.105949,-117.705002,180.25,3.625,1.0625,2.78,1.14,-4.57,
4.915763,-3.91999,-0.329507,6.797930403536171e+18,34.105949,-117.705002,180.5625,2.25,1.5,-1.13,0.21,0.03,
4.930416,-3.952835,-0.331182,6.797930403536272e+18,34.105949,-117.705002,181.5,2.875,1.6875,0.62,0.98,-1.18,
5.002829,-3.95809,-0.334322,6.797930403536372e+18,34.105949,-117.705002,181.75,2.9375,1.8125,-0.57,0.12,0.51,
5.02735,-3.968937,-0.335683,6.797930407831438e+18,34.105949,-117.705002,182.4375,3.25,1.75,0.38,1.72,-1.98,
5.017379,-3.887672,-0.332647,6.79793040783154e+18,34.105949,-117.705002,182.8125,2.6875,1.875,-0.08,1.22,-5.45,
5.181682,-3.886276,-0.339451,6.797930407831639e+18,34.105949,-117.705002,183.875,2.5,1.625,-0.84,1.59,-2.56,
5.238563,-3.799058,-0.339137,6.797930407831738e+18,34.105949,-117.705025,185.625,2.3125,1.1875,-0.32,2.18,0.01,
5.324289,-3.705992,-0.339974,6.79793040783184e+18,34.105949,-117.705025,186.875,2.625,1.3125,1.39,0.58,0.46,
5.42615,-3.56974,-0.340393,6.797930407831939e+18,34.105949,-117.705025,187.5,2.75,1.375,-0.73,0.72,-1.58,
5.61416,-3.289858,-0.341021,6.797930407832039e+18,34.105949,-117.705025,191.25,3.25,1.125,-0.81,0.98,-0.29,
5.845619,-2.917066,-0.342382,6.797930407832139e+18,34.105949,-117.705025,194.625,3.1875,0.5625,-0.64,0.97,-0.83,
6.075031,-2.413865,-0.342591,6.79793040783224e+18,34.105949,-117.705025,199.5625,3.1875,0.3125,-1.17,1.85,0.08,
6.250814,-1.906295,-0.342487,6.797930407832339e+18,34.105949,-117.705025,202.125,3.5,0.4375,-0.46,2.15,-0.31,
6.368295,-1.307223,-0.340707,6.797930412127406e+18,34.105949,-117.705025,207.1875,3.875,0.8125,0.21,1.43,-0.41,
6.535021,-0.583235,-0.343847,6.797930412127506e+18,34.105949,-117.705025,219.5,3.875,0.25,-0.48,1.78,-0.56,
6.584833,-0.041374,-0.345103,6.797930412127606e+18,34.105949,-117.705025,222.125,4.0625,0.0,-1.06,0.39,-0.42,
6.616247,0.375698,-0.347301,6.797930412127705e+18,34.105949,-117.705025,224.125,4.125,-0.3125,0.28,-0.31,-0.84,
6.566763,1.185097,-0.349709,6.797930412127906e+18,34.105949,-117.705025,233.8125,4.4375,-1.5,-1.17,3.27,-1.9,
6.405506,1.782425,-0.348453,6.797930412128006e+18,34.105949,-117.705025,238.25,4.0625,-0.375,0.57,-2.78,0.85,
6.328928,2.182932,-0.35086,6.797930412128105e+18,34.105949,-117.705025,243.3125,3.875,-0.8125,-0.92,1.86,0.3,
6.224441,2.49212,-0.351384,6.797930412128206e+18,34.105949,-117.705025,245.75,4.125,-1.5625,-0.44,2.55,-0.44,
6.0872,2.90475,-0.353477,6.797930412128306e+18,34.105949,-117.705025,249.125,4.125,-1.375,0.13,2.07,-1.55,
5.91194,3.22999,-0.353058,6.797930416423373e+18,34.105949,-117.705025,252.875,3.625,-1.125,-0.51,0.81,-0.79,
5.782866,3.482944,-0.353791,6.797930416423474e+18,34.105949,-117.705025,255.25,3.375,-1.625,-1.18,0.96,-0.31,
5.490959,3.944201,-0.354314,6.797930416423574e+18,34.105949,-117.705025,256.8125,3.25,-1.875,-2.09,0.59,-0.35,
5.296868,4.226921,-0.355152,6.797930416423673e+18,34.105949,-117.705025,261.8125,3.125,-2.0625,-1.32,2.83,-0.3,
5.182061,4.345183,-0.354419,6.797930416423772e+18,34.105949,-117.705025,264.8125,3.5,-1.875,-0.51,1.09,-0.32,
4.927783,4.517063,-0.350337,6.797930416423874e+18,34.105953,-117.70504,267.25,3.875,-1.5625,-0.77,1.04,-0.45,
4.652625,4.777721,-0.3495,6.797930416423973e+18,34.105953,-117.70504,270.25,3.9375,-1.4375,-0.79,-0.23,-1.02,
4.422731,4.977941,-0.348976,6.797930416424072e+18,34.105953,-117.70504,273.5625,3.5625,-1.8125,-1.6,2.02,-0.48,
4.483183,4.885684,-0.347511,6.797930416424172e+18,34.105953,-117.70504,273.75,3.875,-1.625,1.38,1.47,-1.2,
4.391927,4.922467,-0.345731,6.797930416424273e+18,34.105953,-117.70504,273.25,3.75,-1.625,-2.2,-0.56,0.12,
4.423616,4.875147,-0.344999,6.79793042071934e+18,34.105953,-117.70504,274.1875,4.125,-2.0625,-1.33,0.73,-1.12,
4.538396,4.74916,-0.344266,6.797930420719441e+18,34.105953,-117.70504,273.25,4.125,-2.4375,-2.48,3.3,-2.56,
4.621907,4.594562,-0.341544,6.79793042071954e+18,34.105953,-117.70504,271.9375,3.6875,-1.8125,-1.23,0.2,-2.37,
4.690251,4.510377,-0.341021,6.797930420719641e+18,34.105953,-117.70504,271.625,3.375,-1.625,-0.03,0.28,-1.0,
4.730131,4.395509,-0.338404,6.797930420719742e+18,34.105953,-117.70504,270.8125,3.0625,-1.625,-0.34,0.85,-1.26,
4.767445,4.286604,-0.335997,6.797930420719841e+18,34.105953,-117.70504,270.3125,3.0,-1.625,-1.57,1.36,1.5,
4.777825,4.102329,-0.330031,6.797930420719941e+18,34.105953,-117.70504,269.375,4.0,-1.4375,2.25,-0.48,-0.2,
4.782836,4.124065,-0.330973,6.797930420720042e+18,34.105953,-117.70504,269.5,3.6875,-1.6875,0.59,1.33,-2.15,
4.833026,4.015306,-0.329298,6.797930420720141e+18,34.105953,-117.70504,269.5,3.375,-1.6875,0.87,0.28,2.32,
4.799181,3.971639,-0.326472,6.797930420720241e+18,34.105953,-117.70504,269.625,3.75,-1.8125,-0.89,-0.44,1.46,
4.771142,3.905134,-0.323122,6.797930425015309e+18,34.105953,-117.70504,269.8125,3.5625,-1.625,-2.51,-0.24,2.53,
4.710638,3.909458,-0.320819,6.797930425015409e+18,34.105953,-117.70504,270.875,3.875,-1.5,-2.78,0.43,0.53,
4.654227,3.90536,-0.318412,6.797930425015508e+18,34.105953,-117.70504,271.3125,4.0625,-1.5625,-0.94,0.01,-0.47,
4.62526,3.921118,-0.317784,6.797930425015607e+18,34.105953,-117.70504,272.625,4.0625,-1.8125,-2.32,1.14,-2.7,
4.61242,3.874397,-0.31569,6.797930425015707e+18,34.105953,-117.70504,272.875,3.875,-1.875,-5.99,-0.87,2.58,
4.575098,3.813181,-0.312132,6.797930425015808e+18,34.105953,-117.70504,273.375,4.125,-1.9375,-1.03,2.74,-4.37,
4.607621,3.707271,-0.309934,6.797930425015907e+18,34.105953,-117.705055,272.75,3.8125,-1.375,-3.67,-0.04,1.88,
4.588907,3.556957,-0.304281,6.797930425016009e+18,34.105953,-117.705055,272.4375,3.9375,-1.125,-1.49,-1.87,-2.76,
4.557469,3.545339,-0.302606,6.797930425016208e+18,34.105953,-117.705055,273.3125,4.25,-1.6875,3.28,2.2,1.75,
4.57212,3.434093,-0.299676,6.797930429311275e+18,34.105953,-117.705055,273.875,3.75,-1.625,0.15,1.69,-1.72,
4.605212,3.3422,-0.29821,6.797930429311375e+18,34.105953,-117.705055,273.375,3.1875,-1.5,-2.79,-0.56,-1.69,
4.676541,3.163877,-0.295907,6.797930429311475e+18,34.105953,-117.705055,272.6875,3.4375,-1.5625,-2.39,0.37,-0.9,
4.760696,2.949456,-0.2935,6.797930429311574e+18,34.105953,-117.705055,270.5625,3.875,-1.0,-1.9,2.25,-3.85,
4.779963,2.749711,-0.288999,6.797930429311675e+18,34.105953,-117.705055,269.25,4.1875,-0.8125,-1.02,0.44,-0.71,
4.820687,2.70635,-0.289732,6.797930429311776e+18,34.105953,-117.705055,269.3125,3.6875,-1.0,-2.77,-0.22,5.27,
4.834189,2.632403,-0.288476,6.797930429311875e+18,34.105953,-117.705055,269.375,3.875,-1.1875,0.26,1.13,-1.52,
4.859374,2.568564,-0.288057,6.797930429311976e+18,34.105953,-117.705055,269.375,4.0625,-1.0625,-1.58,1.76,0.21,
4.837557,2.4851,-0.285022,6.797930429312076e+18,34.105953,-117.705055,269.4375,4.375,-1.125,-2.39,2.12,2.65,
4.842703,2.372416,-0.282614,6.797930429312175e+18,34.105953,-117.705055,269.25,4.5,-1.0625,1.53,1.49,1.15,
4.862913,2.293499,-0.281777,6.797930433607242e+18,34.105953,-117.705055,269.25,4.0,-0.75,-1.38,0.92,4.41,
4.820968,2.274745,-0.279369,6.797930433607343e+18,34.105953,-117.705055,269.25,4.3125,-0.6875,3.16,0.61,-2.65,
4.812527,2.226758,-0.277904,6.797930433607442e+18,34.105953,-117.705055,270.0625,3.9375,-0.75,-4.08,-0.1,0.11,
4.794165,2.175739,-0.275915,6.797930433607542e+18,34.105953,-117.705055,270.625,4.125,-0.625,-1.54,-0.45,1.97,
4.787036,2.123322,-0.27445,6.797930433607643e+18,34.105953,-117.705055,270.9375,4.1875,-0.6875,1.44,1.38,-2.19,
4.799771,2.059168,-0.273717,6.797930433607742e+18,34.105953,-117.705055,271.0625,3.5,-0.625,-5.11,0.99,1.31,
4.793364,1.939565,-0.270996,6.797930433607842e+18,34.105953,-117.705055,270.75,4.0625,-0.4375,2.6,1.14,-1.86,
4.789876,1.894512,-0.269949,6.797930433607943e+18,34.105953,-117.705055,271.0625,3.8125,-0.4375,-2.5,-0.36,1.7,
4.784686,1.852976,-0.268902,6.797930433608042e+18,34.105953,-117.705078,271.5625,3.75,-0.8125,0.54,0.28,3.52,
4.815548,1.700547,-0.267646,6.797930433608142e+18,34.105953,-117.705078,271.1875,3.4375,-0.875,-1.71,2.38,-6.21,
4.841658,1.487639,-0.265448,6.797930437903208e+18,34.105953,-117.705078,269.75,3.9375,-0.3125,-0.73,0.09,-2.63,
4.863812,1.362577,-0.264715,6.79793043790331e+18,34.105953,-117.705078,268.75,4.0,-0.25,-0.19,-0.71,-0.23,
4.868335,1.229166,-0.263145,6.79793043790341e+18,34.105953,-117.705078,268.3125,4.1875,-0.125,-0.39,1.63,-3.38,
4.861437,1.094681,-0.261156,6.79793043790351e+18,34.105953,-117.705078,267.8125,4.25,0.0,-1.88,-0.13,0.72,
4.879977,1.028372,-0.261366,6.79793043790361e+18,34.105953,-117.705078,267.6875,4.5625,-0.375,1.17,-0.06,-0.73,
4.899876,0.907254,-0.261156,6.79793043790371e+18,34.105953,-117.705078,267.25,4.5625,-0.4375,0.79,0.48,-0.28,
4.896968,0.808054,-0.26011,6.79793043790381e+18,34.105953,-117.705078,266.8125,4.3125,-0.3125,-0.31,-0.78,0.67,
4.894432,0.811146,-0.260005,6.797930437903911e+18,34.105953,-117.705078,267.1875,4.0625,-0.5,-1.11,0.82,-2.45,
4.886603,0.759106,-0.259168,6.79793043790401e+18,34.105953,-117.705078,267.5625,4.0,-0.375,-0.31,1.0,-0.77,
4.895517,0.713306,-0.259272,6.79793043790411e+18,34.105953,-117.705078,268.0,3.9375,-0.4375,-2.46,1.9,0.69,
4.898268,0.650088,-0.258958,6.797930442199176e+18,34.105953,-117.705078,267.875,4.1875,-0.375,0.23,0.27,-0.5,
4.895169,0.578515,-0.25833,6.797930442199278e+18,34.105953,-117.705078,268.1875,3.875,-0.4375,-2.76,1.91,1.09,
4.903626,0.539633,-0.25854,6.797930442199377e+18,34.105953,-117.705078,268.375,3.8125,-0.25,-0.32,0.79,-3.91,
4.901226,0.505628,-0.258226,6.797930442199476e+18,34.105953,-117.705078,268.75,4.125,-0.1875,2.42,1.04,-1.37,
4.899244,0.46484,-0.257912,6.797930442199578e+18,34.105953,-117.705078,269.375,4.1875,-0.1875,-2.95,1.49,0.0,
4.903334,0.419502,-0.257912,6.797930442199677e+18,34.105953,-117.705078,269.5,4.5625,-0.4375,2.18,0.91,-0.99,
4.931897,0.303376,-0.258958,6.797930442199776e+18,34.105953,-117.705078,269.375,3.9375,-0.375,-4.05,2.71,-4.55,
4.90541,0.194449,-0.257284,6.797930442199878e+18,34.105953,-117.705078,268.625,4.125,0.125,-0.87,-0.33,-0.23,
4.902639,0.078729,-0.25697,6.797930442199977e+18,34.105953,-117.705078,268.125,4.1875,-0.125,1.02,1.24,-1.65,
4.911042,-0.046287,-0.257388,6.797930442200076e+18,34.105953,-117.705078,268.0625,4.125,-0.125,-2.08,1.57,3.18,
4.892999,-0.149495,-0.256551,6.797930446495145e+18,34.105957,-117.705078,267.3125,4.3125,0.1875,-2.28,0.63,-0.18,
4.881217,-0.19861,-0.085272,6.797930446495244e+18,34.105957,-117.705078,267.5625,4.5625,0.5,-0.29,-0.24,0.52,
4.889618,-0.273372,-0.085482,6.797930446495345e+18,34.105957,-117.705078,267.625,4.1875,0.5,-0.37,-0.21,0.83,
4.886029,-0.331383,-0.085482,6.797930446495445e+18,34.105957,-117.705078,267.6875,4.125,0.25,-0.88,2.43,0.25,
4.970681,-0.380728,-0.087018,6.797930446495544e+18,34.105957,-117.705078,267.8125,4.3125,0.75,-1.56,0.65,-1.69,
4.864331,-0.452107,-0.256027,6.797930446495645e+18,34.105957,-117.705078,267.9375,4.375,1.3125,0.82,1.1,-3.92,
4.887762,-0.437081,-0.257179,6.797930446495744e+18,34.105957,-117.705078,268.8125,4.1875,0.875,-3.76,1.4,7.47,
4.898242,-0.552023,-0.08604,6.797930446495844e+18,34.105957,-117.705078,268.8125,4.0,0.8125,-2.32,0.45,0.73,
4.894454,-0.633073,-0.258644,6.797930446495944e+18,34.105957,-117.705078,268.625,4.0625,1.1875,-1.33,0.24,1.71,
4.938167,-0.68347,-0.087018,6.797930446496044e+18,34.105957,-117.705078,268.75,4.4375,1.4375,1.85,0.1,-2.68,
4.900969,-0.674835,-0.259272,6.797930450791113e+18,34.105957,-117.705078,269.5625,4.125,1.5,-0.32,-0.73,-2.99,
4.962477,-0.696547,-0.262622,6.797930450791212e+18,34.105957,-117.705078,270.0625,3.6875,1.3125,-4.12,0.42,2.2,
4.909911,-0.815472,-0.260842,6.797930450791311e+18,34.105957,-117.705078,270.0625,3.25,0.8125,-2.67,1.1,-2.36,
4.908024,-1.040547,-0.262936,6.797930450791411e+18,34.105957,-117.705078,269.5,3.375,0.8125,-2.75,-0.19,-1.39,
4.918027,-1.219822,-0.265553,6.797930450791511e+18,34.105957,-117.705078,268.5,4.0625,0.75,2.09,-0.72,-0.15,
4.879526,-1.41671,-0.266285,6.797930450791611e+18,34.105957,-117.705078,267.0,4.125,0.0,-3.68,1.22,-0.06,
4.844231,-1.58521,-0.267123,6.797930450791713e+18,34.105957,-117.705078,265.0,4.4375,0.1875,1.17,0.04,-0.45,
4.838921,-1.669954,-0.268274,6.797930450791812e+18,34.105957,-117.705078,264.875,4.625,0.4375,0.4,-1.14,0.94,
4.875542,-1.704525,-0.270682,6.797930450791912e+18,34.105957,-117.705078,265.125,4.8125,-0.1875,-2.5,1.96,-1.09,
4.861255,-1.848559,-0.272566,6.797930450792013e+18,34.105957,-117.705078,264.75,5.875,-0.5,1.61,3.54,0.77,
4.872713,-1.907633,-0.27424,6.797930455087079e+18,34.105957,-117.705078,264.4375,6.1875,-0.3125,2.92,1.73,-3.07,
4.956027,-1.782326,-0.27602,6.79793045508718e+18,34.105961,-117.705078,266.5,4.3125,-0.375,-5.26,2.4,-3.03,
5.063216,-1.717745,-0.280207,6.797930455087279e+18,34.105961,-117.705078,268.0625,5.4375,-1.0,3.14,0.75,-1.71,
5.035441,-1.706362,-0.278637,6.797930455087379e+18,34.105961,-117.705078,269.0625,5.3125,-1.0625,-3.03,3.98,-1.92,
5.047089,-1.709327,-0.279265,6.797930455087479e+18,34.105961,-117.705078,269.8125,5.25,-0.875,1.09,-0.56,-0.95,
5.059824,-1.847628,-0.2823,6.797930455087578e+18,34.105961,-117.705078,270.1875,4.625,-1.4375,0.54,2.56,-3.38,
5.064404,-1.926822,-0.283975,6.797930455087677e+18,34.105961,-117.705078,269.6875,4.8125,-1.1875,2.11,1.08,-4.14,
5.039368,-2.108013,-0.286278,6.797930455087779e+18,34.105961,-117.705078,269.6875,4.3125,-1.25,-1.82,0.01,1.11,
5.026691,-2.183581,-0.28722,6.797930455087879e+18,34.105961,-117.705078,269.4375,4.0,-1.125,-3.0,1.78,-1.87,
5.058996,-2.214428,-0.289418,6.797930455087978e+18,34.105961,-117.705078,268.375,4.875,-1.0625,2.12,0.64,-0.64,
5.063013,-2.274346,-0.290883,6.797930459383047e+18,34.105968,-117.705078,268.75,4.6875,-1.5,2.27,1.32,-1.03,
5.101326,-2.310844,-0.2935,6.797930459383146e+18,34.105968,-117.705078,269.625,4.5625,-1.3125,1.08,1.42,-2.28,
5.092314,-2.373503,-0.294442,6.797930459383246e+18,34.105968,-117.705078,269.9375,4.375,-1.4375,0.05,3.12,-0.38,
5.071725,-2.517627,-0.296745,6.797930459383345e+18,34.105968,-117.705078,269.375,4.4375,-0.9375,-0.3,-0.35,-1.17,
5.106177,-2.538061,-0.298838,6.797930459383447e+18,34.105968,-117.705078,269.6875,4.3125,-0.9375,-3.31,-0.86,-2.58,
5.157941,-2.595302,-0.302606,6.797930459383546e+18,34.105968,-117.705078,269.9375,4.3125,-1.375,-0.04,-0.06,0.58,
5.117166,-2.687712,-0.302921,6.797930459383645e+18,34.105968,-117.705078,269.875,4.75,-1.5,1.62,2.6,-4.08,
5.122772,-2.766407,-0.305119,6.797930459383747e+18,34.105968,-117.705078,269.875,4.4375,-1.5,-2.29,0.16,1.23,
5.139652,-2.831391,-0.307526,6.797930459383846e+18,34.105968,-117.705078,270.0,4.3125,-1.625,-1.26,1.73,2.21,
5.129724,-2.910537,-0.309096,6.797930459383947e+18,34.105968,-117.705078,270.1875,4.3125,-1.25,-2.9,1.39,0.92,
5.112258,-3.012552,-0.31098,6.797930463679014e+18,34.105968,-117.705078,270.125,4.1875,-1.25,0.02,-0.28,-6.23,
5.101448,-3.165498,-0.314644,6.797930463679113e+18,34.105968,-117.705078,269.0625,4.625,-1.4375,2.79,0.18,-0.69,
5.053689,-3.314605,-0.316737,6.797930463679214e+18,34.105968,-117.705078,268.6875,3.8125,-1.3125,-2.45,1.2,-4.42,
5.024266,-3.369806,-0.317051,6.797930463679314e+18,34.105984,-117.705078,268.375,3.5,-1.1875,-0.34,0.53,-2.02,
5.050245,-3.463156,-0.320924,6.797930463679414e+18,34.105984,-117.705078,268.6875,3.625,-1.6875,-0.83,1.21,0.57,
5.021704,-3.621767,-0.324483,6.797930463679514e+18,34.105984,-117.705078,268.25,3.8125,-1.5,-0.5,0.22,7.73,
5.006314,-3.700423,-0.326262,6.797930463679614e+18,34.105984,-117.705078,267.6875,4.125,-1.3125,-0.48,0.6,-3.2,
5.02649,-3.783607,-0.329717,6.797930463679714e+18,34.105984,-117.705078,267.75,4.125,-1.375,-1.49,0.34,1.3,
5.012378,-3.900625,-0.332857,6.797930463679814e+18,34.105984,-117.705078,267.6875,4.5,-1.375,0.8,2.06,-1.08,
5.100331,-3.976221,-0.338928,6.797930467974982e+18,34.105984,-117.705078,267.6875,4.5,-0.8125,-0.57,-1.84,-0.49,
5.136792,-3.971596,-0.340288,6.797930467975081e+18,34.105984,-117.705078,269.4375,4.375,-1.1875,-1.05,0.67,-1.31,
5.184089,-3.982206,-0.342591,6.79793046797518e+18,34.105984,-117.705078,270.0625,4.375,-1.4375,-0.17,1.16,0.07,
5.17993,-4.181169,-0.348871,6.79793046797538e+18,34.105984,-117.705078,270.0,4.25,-1.4375,-0.77,1.0,-2.26,
5.122864,-4.272756,-0.349604,6.79793046797548e+18,34.105984,-117.705078,269.3125,4.5,-1.0625,1.03,-0.79,0.4,
5.17268,-4.256453,-0.35107,6.797930467975582e+18,34.105984,-117.705078,269.625,4.25,-1.0625,-1.73,0.4,-1.85,
5.239689,-4.199285,-0.351907,6.797930467975681e+18,34.105984,-117.705078,270.1875,4.625,-1.125,1.5,0.22,1.07,
5.456876,-4.085237,-0.357245,6.797930467975781e+18,34.105984,-117.705078,272.5625,4.75,-1.375,-0.37,1.31,0.82,
5.546261,-3.859061,-0.354105,6.797930467975882e+18,34.105984,-117.705078,274.6875,4.75,-1.1875,0.06,0.16,-0.32,
5.783308,-3.570449,-0.356199,6.797930472270949e+18,34.105984,-117.705078,278.0625,4.375,-1.25,-0.34,1.58,-0.69,
6.003607,-3.198898,-0.356513,6.797930472271049e+18,34.105984,-117.705078,281.5625,4.125,-1.3125,-1.87,0.12,-0.12,
6.253681,-2.767333,-0.358397,6.797930472271149e+18,34.105984,-117.705078,284.0,4.0625,-1.625,-0.53,2.65,1.06,
6.473032,-2.199818,-0.358292,6.797930472271249e+18,34.105984,-117.705078,286.125,4.125,-1.5625,0.38,1.17,-1.2,
6.71167,-1.382592,-0.359129,6.797930472271349e+18,34.105984,-117.705078,288.1875,3.9375,-1.5625,-1.59,-1.82,-0.18,
6.810801,-0.773585,-0.359234,6.797930472271448e+18,34.105984,-117.705078,291.0625,3.8125,-2.125,-2.67,-0.06,-1.31,
6.859933,-0.094591,-0.359548,6.797930472271548e+18,34.105995,-117.705078,301.6875,4.125,-2.9375,1.13,2.91,-1.1,
6.813211,0.51468,-0.358083,6.797930472271648e+18,34.105995,-117.705078,312.5625,3.8125,-2.75,-1.03,-0.85,-0.18,
6.786858,1.030051,-0.359757,6.797930472271747e+18,34.105995,-117.705078,320.375,3.3125,-3.5,-1.11,-0.87,-0.96,
6.671313,1.591792,-0.359443,6.797930472271846e+18,34.105995,-117.705078,325.4375,3.0,-3.9375,0.11,1.25,-0.59,
6.569167,1.992109,-0.359757,6.797930476566915e+18,34.105995,-117.705078,327.1875,2.9375,-3.625,-0.06,-0.02,-0.21,
6.448989,2.409895,-0.360804,6.797930476567014e+18,34.105995,-117.705078,329.1875,2.75,-3.4375,-1.27,-0.92,-0.33,
6.309896,2.768538,-0.361118,6.797930476567115e+18,34.105995,-117.705078,333.0625,2.5,-3.5,-0.68,0.77,-0.1,
6.161831,3.132839,-0.362269,6.797930476567215e+18,34.105995,-117.705078,339.8125,2.375,-3.375,0.28,1.01,-0.61,
6.03173,3.376548,-0.362269,6.797930476567315e+18,34.105995,-117.705078,341.0625,2.4375,-3.3125,-0.89,0.71,-0.53,
5.848036,3.685556,-0.362269,6.797930476567415e+18,34.105995,-117.705078,342.25,2.4375,-3.3125,-0.53,0.78,-0.23,
5.592334,4.012583,-0.120142,6.797930476567516e+18,34.105995,-117.705078,349.1875,2.3125,-3.125,0.65,0.92,-0.21,
5.395589,4.285698,-0.361118,6.797930476567615e+18,34.105995,-117.705078,351.8125,2.125,-3.0625,-1.34,-0.01,-0.41,
5.164598,4.564432,-0.361223,6.797930476567715e+18,34.105995,-117.705078,353.25,2.1875,-3.0625,-1.16,0.48,-0.7,
4.960395,4.733636,-0.359339,6.797930476567814e+18,34.105995,-117.705078,356.9375,1.875,-3.1875,0.39,-0.25,0.51,
4.889545,4.835231,-0.360385,6.797930480862882e+18,34.105995,-117.705078,358.375,1.75,-3.5,-0.48,-0.32,0.09,
4.80523,4.896671,-0.359548,6.797930480862982e+18,34.105995,-117.705078,359.6875,1.6875,-3.9375,-1.25,0.68,-0.83,
4.632071,5.039104,-0.358711,6.797930480863084e+18,34.105995,-117.705078,0.875,1.5,-4.0,-1.32,1.25,0.78,
4.591435,5.019459,-0.356513,6.797930480863183e+18,34.105995,-117.705078,2.1875,1.5625,-3.9375,2.12,2.25,-0.44,
4.611046,4.97425,-0.355466,6.797930480863282e+18,34.105995,-117.705078,1.875,1.3125,-3.5,-0.35,0.29,-0.72,
4.740489,4.803789,-0.117804,6.797930480863384e+18,34.105995,-117.705078,0.625,1.3125,-3.125,-0.66,-1.69,-0.59,
4.733581,4.793441,-0.353058,6.797930480863483e+18,34.105995,-117.705078,0.0,1.3125,-3.25,0.61,-0.31,-0.32,
4.757782,4.769421,-0.353058,6.797930480863583e+18,34.106007,-117.705078,0.0625,1.5,-3.375,2.06,0.9,-1.04,
4.751951,4.77523,-0.353058,6.797930480863683e+18,34.106007,-117.705078,359.75,1.4375,-3.4375,-0.02,-0.23,-0.43,
4.748464,4.815232,-0.354419,6.797930480863784e+18,34.106007,-117.705078,0.0,1.25,-3.4375,-1.54,-0.22,-0.42,
4.725755,4.795551,-0.352849,6.797930485158851e+18,34.106007,-117.705078,359.9375,1.3125,-3.5,-0.43,0.25,-0.55,
4.71189,4.853811,-0.354524,6.79793048515895e+18,34.106007,-117.705078,0.5,1.375,-3.625,0.67,0.32,-0.62,
4.73833,4.791556,-0.353163,6.79793048515905e+18,34.106007,-117.705078,0.25,1.375,-3.6875,-0.46,0.68,-0.45,
4.717215,4.854208,-0.354733,6.797930485159151e+18,34.106007,-117.705078,0.375,1.25,-3.9375,0.44,0.09,-0.28,
4.722085,4.835522,-0.35421,6.79793048515925e+18,34.106007,-117.705078,0.3125,1.125,-3.875,-0.7,0.05,-0.54,
4.713177,4.8163,-0.353163,6.797930485159349e+18,34.106007,-117.705078,0.375,0.3125,-3.9375,-0.36,0.2,-0.45,
4.730161,4.847176,-0.354942,6.797930485159451e+18,34.106007,-117.705078,0.375,0.25,-4.0,-0.46,-0.07,-0.47,
4.716124,4.849697,-0.354524,6.79793048515955e+18,34.106007,-117.705078,0.4375,0.25,-4.0,0.56,0.71,-0.41,
4.7212,4.844756,-0.354524,6.797930485159649e+18,34.106007,-117.705078,0.375,0.25,-4.0,0.08,0.31,-0.55,
4.711785,4.80648,-0.352744,6.797930485159751e+18,34.106007,-117.705078,0.375,0.25,-4.0,-0.32,0.35,-0.49,
4.714817,4.831452,-0.353791,6.797930489454817e+18,34.106007,-117.705078,0.375,0.125,-4.0625,0.0,0.01,-0.48,
4.710368,4.82184,-0.353268,6.797930489454917e+18,34.106007,-117.705078,0.375,0.125,-4.0625,0.03,0.26,-0.55,
4.7212,4.844756,-0.354524,6.797930489455018e+18,34.106007,-117.705078,0.3125,0.125,-4.1875,-0.09,0.18,-0.57,
4.710939,4.815695,-0.353058,6.797930489455117e+18,34.106007,-117.705078,0.3125,0.0,-4.1875,-0.24,-0.01,-0.5,
4.722891,4.843107,-0.354524,6.797930489455218e+18,34.106007,-117.705078,0.3125,0.0,-4.25,-0.05,0.21,-0.49,
4.717313,4.837388,-0.354105,6.797930489455318e+18,34.106007,-117.705078,0.3125,0.0,-4.3125,-0.02,0.23,-0.5,
4.705353,4.809984,-0.35264,6.797930489455417e+18,34.106007,-117.705078,0.3125,0.0,-4.375,-0.14,-0.01,-0.47,
4.70507,4.813054,-0.352744,6.797930489455518e+18,34.106007,-117.705078,0.375,-0.0625,-4.4375,0.09,0.13,-0.49,
4.713733,4.81855,-0.353268,6.797930489455617e+18,34.106007,-117.705078,0.375,-0.0625,-4.5,0.11,0.19,-0.52,
4.720652,4.842501,-0.354419,6.797930489455717e+18,34.106022,-117.705078,0.375,-0.0625,-4.5625,-0.2,-0.1,-0.51,
4.702528,4.823909,-0.353058,6.797930493750785e+18,34.106022,-117.705078,0.375,-0.125,-4.5625,-0.03,0.23,-0.48,
4.704785,4.816125,-0.352849,6.797930493750884e+18,34.106022,-117.705078,0.4375,-0.125,-4.6875,0.04,-0.03,-0.47,
4.716124,4.849697,-0.354524,6.797930493750985e+18,34.106022,-117.705078,0.4375,-0.125,-4.6875,0.08,0.07,-0.54,
4.710304,4.83864,-0.353896,6.797930493751085e+18,34.106022,-117.705078,0.4375,-0.1875,-4.75,-0.06,0.0,-0.48,
4.715368,4.833705,-0.353896,6.797930493751184e+18,34.106022,-117.705078,0.4375,-0.25,-4.8125,0.07,0.04,-0.51,
4.704785,4.816125,-0.352849,6.797930493751284e+18,34.106022,-117.705078,0.4375,-0.25,-4.8125,-0.1,0.08,-0.48,
4.710368,4.82184,-0.353268,6.797930493751385e+18,34.106022,-117.705078,0.4375,-0.25,-4.8125,0.0,0.05,-0.53,
4.710049,4.833313,-0.353686,6.797930493751484e+18,34.106022,-117.705078,0.4375,-0.25,-4.8125,-0.08,-0.05,-0.49,
4.717055,4.832059,-0.353896,6.797930493751584e+18,34.106022,-117.705078,0.4375,-0.25,-4.8125,-0.1,-0.02,-0.51,
4.712579,4.830846,-0.353686,6.797930493751685e+18,34.106022,-117.705078,0.4375,-0.3125,-4.875,-0.06,0.02,-0.49,
4.713159,4.824697,-0.353477,6.797930498046752e+18,34.106022,-117.705078,0.4375,-0.3125,-4.875,-0.05,-0.02,-0.52,
4.724236,4.852952,-0.354942,6.797930498046851e+18,34.106022,-117.705078,0.4375,-0.3125,-4.875,-0.05,0.08,-0.47,
4.720902,4.847834,-0.354628,6.797930498046952e+18,34.106022,-117.705078,0.4375,-0.3125,-4.9375,0.03,0.03,-0.46,
